Date,Train_ID
2025-08-01,CR106
2025-08-01,CR115
2025-08-02,CR103
2025-08-02,CR105
2025-08-03,CR102
2025-08-03,CR111
2025-08-04,CR122
2025-08-04,CR110
2025-08-05,CR105
2025-08-05,CR119
2025-08-06,CR112
2025-08-06,CR101
2025-08-07,CR104
2025-08-07,CR115
2025-08-08,CR104
2025-08-08,CR107
2025-08-09,CR101
2025-08-09,CR107
2025-08-10,CR104
2025-08-10,CR117
2025-08-11,CR110
2025-08-11,CR114
2025-08-12,CR101
2025-08-12,CR104
2025-08-13,CR110
2025-08-13,CR123
2025-08-14,CR117
2025-08-14,CR118
2025-08-15,CR110
2025-08-15,CR121
2025-08-16,CR110
2025-08-16,CR102
2025-08-17,CR107
2025-08-17,CR115
2025-08-18,CR114
2025-08-18,CR107
2025-08-19,CR122
2025-08-19,CR117
2025-08-20,CR108
2025-08-20,CR115
2025-08-21,CR117
2025-08-21,CR116
2025-08-22,CR119
2025-08-22,CR120
2025-08-23,CR124
2025-08-23,CR114
2025-08-24,CR120
2025-08-24,CR113
2025-08-25,CR102
2025-08-25,CR110
2025-08-26,CR102
2025-08-26,CR117
2025-08-27,CR103
2025-08-27,CR124
2025-08-28,CR122
2025-08-28,CR112
2025-08-29,CR120
2025-08-29,CR109
2025-08-30,CR106
2025-08-30,CR114
2025-08-31,CR108
2025-08-31,CR103
2025-09-01,CR108
2025-09-01,CR119
2025-09-02,CR122
2025-09-02,CR118
2025-09-03,CR108
2025-09-03,CR119
2025-09-04,CR121
2025-09-04,CR117
2025-09-05,CR113
2025-09-05,CR105
2025-09-06,CR118
2025-09-06,CR114
2025-09-07,CR109
2025-09-07,CR120
2025-09-08,CR112
2025-09-08,CR114
2025-09-09,CR104
2025-09-09,CR116
2025-09-10,CR116
2025-09-10,CR110
2025-09-11,CR109
2025-09-11,CR113
2025-09-12,CR113
2025-09-12,CR117
2025-09-13,CR109
2025-09-13,CR118
2025-09-14,CR124
2025-09-14,CR101
