Date,Train_ID,Bogie_Mileage,BrakePad_Mileage,HVAC_Hours
2025-08-01,CR101,58642,13650,11535
2025-08-01,CR102,44405,19221,11656
2025-08-01,CR103,65875,11280,15411
2025-08-01,CR104,57703,31526,4948
2025-08-01,CR105,80208,14891,3012
2025-08-01,CR106,79429,38359,5314
2025-08-01,CR107,95489,17759,8863
2025-08-01,CR108,75607,23976,19573
2025-08-01,CR109,60817,37312,2938
2025-08-01,CR110,40122,26316,9080
2025-08-01,CR111,74640,7706,17288
2025-08-01,CR112,78013,30734,14250
2025-08-01,CR113,58217,20596,2040
2025-08-01,CR114,24654,34532,18678
2025-08-01,CR115,57139,30677,9244
2025-08-01,CR116,48230,40399,7975
2025-08-01,CR117,34217,18547,18007
2025-08-01,CR118,49284,30876,10047
2025-08-01,CR119,65315,5538,8858
2025-08-01,CR120,58769,34958,12653
2025-08-01,CR121,43560,14625,17177
2025-08-01,CR122,27121,2323,5974
2025-08-01,CR123,75476,2657,1957
2025-08-01,CR124,36542,39443,6143
2025-08-02,CR101,59191,14171,11547
2025-08-02,CR102,44944,19773,11668
2025-08-02,CR103,66471,11748,15425
2025-08-02,CR104,58197,32102,4961
2025-08-02,CR105,80747,15419,3027
2025-08-02,CR106,79885,38948,5328
2025-08-02,CR107,96082,18250,8877
2025-08-02,CR108,76107,24475,19586
2025-08-02,CR109,61357,37777,2953
2025-08-02,CR110,40623,26823,9094
2025-08-02,CR111,75129,8284,17304
2025-08-02,CR112,78490,31256,14265
2025-08-02,CR113,58782,21051,2053
2025-08-02,CR114,25106,35053,18694
2025-08-02,CR115,57642,31194,9257
2025-08-02,CR116,48794,40862,7990
2025-08-02,CR117,34786,19110,18023
2025-08-02,CR118,49835,31347,10063
2025-08-02,CR119,65773,6064,8876
2025-08-02,CR120,59250,35430,12669
2025-08-02,CR121,44126,15198,17192
2025-08-02,CR122,27608,2823,5989
2025-08-02,CR123,75938,3178,1971
2025-08-02,CR124,37071,39923,6161
2025-08-03,CR101,59789,14660,11562
2025-08-03,CR102,45461,20322,11686
2025-08-03,CR103,66994,12298,15438
2025-08-03,CR104,58690,32670,4978
2025-08-03,CR105,81291,15905,3044
2025-08-03,CR106,80459,39547,5341
2025-08-03,CR107,96533,18762,8889
2025-08-03,CR108,76621,24957,19598
2025-08-03,CR109,61893,38266,2966
2025-08-03,CR110,41212,27346,9108
2025-08-03,CR111,75628,8862,17317
2025-08-03,CR112,78985,31842,14283
2025-08-03,CR113,59294,21622,2066
2025-08-03,CR114,25608,35582,18712
2025-08-03,CR115,58230,31710,9271
2025-08-03,CR116,49301,41331,8008
2025-08-03,CR117,35347,19612,18036
2025-08-03,CR118,50385,31802,10076
2025-08-03,CR119,66341,6533,8892
2025-08-03,CR120,59834,36030,12682
2025-08-03,CR121,44714,15666,17204
2025-08-03,CR122,28103,3365,6007
2025-08-03,CR123,76527,3650,1984
2025-08-03,CR124,37656,40476,6173
2025-08-04,CR101,60240,15170,11578
2025-08-04,CR102,45987,20902,11703
2025-08-04,CR103,67496,12772,15451
2025-08-04,CR104,59191,33260,4990
2025-08-04,CR105,81876,16467,3057
2025-08-04,CR106,80922,40078,5357
2025-08-04,CR107,97100,19292,8904
2025-08-04,CR108,77170,25484,19616
2025-08-04,CR109,62490,38723,2983
2025-08-04,CR110,41720,27930,9121
2025-08-04,CR111,76209,9432,17333
2025-08-04,CR112,79531,32397,14295
2025-08-04,CR113,59794,22206,2083
2025-08-04,CR114,26106,36142,18725
2025-08-04,CR115,58734,32179,9285
2025-08-04,CR116,49800,41853,8020
2025-08-04,CR117,35798,20178,18054
2025-08-04,CR118,50910,32306,10091
2025-08-04,CR119,66856,6996,8910
2025-08-04,CR120,60351,36628,12694
2025-08-04,CR121,45253,16137,17220
2025-08-04,CR122,28623,3921,6023
2025-08-04,CR123,77022,4125,2002
2025-08-04,CR124,38130,40985,6190
2025-08-05,CR101,60793,15746,11592
2025-08-05,CR102,46585,21392,11715
2025-08-05,CR103,67981,13279,15466
2025-08-05,CR104,59682,33824,5005
2025-08-05,CR105,82428,16949,3071
2025-08-05,CR106,81520,40646,5372
2025-08-05,CR107,97679,19791,8922
2025-08-05,CR108,77701,26005,19629
2025-08-05,CR109,63006,39219,2996
2025-08-05,CR110,42244,28409,9136
2025-08-05,CR111,76809,10001,17350
2025-08-05,CR112,80008,32963,14312
2025-08-05,CR113,60378,22662,2096
2025-08-05,CR114,26670,36690,18740
2025-08-05,CR115,59311,32654,9298
2025-08-05,CR116,50264,42345,8037
2025-08-05,CR117,36376,20635,18071
2025-08-05,CR118,51438,32768,10108
2025-08-05,CR119,67399,7550,8925
2025-08-05,CR120,60929,37170,12707
2025-08-05,CR121,45758,16651,17232
2025-08-05,CR122,29114,4487,6041
2025-08-05,CR123,77558,4665,2018
2025-08-05,CR124,38642,41506,6203
2025-08-06,CR101,61283,16327,11606
2025-08-06,CR102,47065,21935,11727
2025-08-06,CR103,68527,13820,15480
2025-08-06,CR104,60193,34289,5021
2025-08-06,CR105,82984,17456,3087
2025-08-06,CR106,81982,41158,5389
2025-08-06,CR107,98248,20323,8939
2025-08-06,CR108,78246,26463,19647
2025-08-06,CR109,63468,39699,3009
2025-08-06,CR110,42788,29006,9153
2025-08-06,CR111,77344,10512,17364
2025-08-06,CR112,80513,33420,14328
2025-08-06,CR113,60958,23114,2108
2025-08-06,CR114,27168,37215,18753
2025-08-06,CR115,59829,33235,9313
2025-08-06,CR116,50800,42939,8052
2025-08-06,CR117,36893,21180,18086
2025-08-06,CR118,51897,33238,10125
2025-08-06,CR119,67954,8041,8939
2025-08-06,CR120,61505,37755,12724
2025-08-06,CR121,46343,17224,17250
2025-08-06,CR122,29690,4939,6054
2025-08-06,CR123,78052,5237,2035
2025-08-06,CR124,39119,42088,6220
2025-08-07,CR101,61875,16822,11620
2025-08-07,CR102,47563,22443,11741
2025-08-07,CR103,68989,14272,15497
2025-08-07,CR104,60728,34817,5037
2025-08-07,CR105,83555,18002,3103
2025-08-07,CR106,82525,41751,5407
2025-08-07,CR107,98787,20892,8956
2025-08-07,CR108,78764,26953,19662
2025-08-07,CR109,63931,40176,3025
2025-08-07,CR110,43249,29471,9169
2025-08-07,CR111,77921,11108,17377
2025-08-07,CR112,81021,33987,14342
2025-08-07,CR113,61457,23606,2122
2025-08-07,CR114,27749,37807,18770
2025-08-07,CR115,60300,33818,9326
2025-08-07,CR116,51260,43404,8066
2025-08-07,CR117,37469,21713,18100
2025-08-07,CR118,52397,33697,10140
2025-08-07,CR119,68468,8508,8951
2025-08-07,CR120,61992,38208,12740
2025-08-07,CR121,46843,17700,17263
2025-08-07,CR122,30256,5408,6068
2025-08-07,CR123,78562,5791,2052
2025-08-07,CR124,39593,42672,6233
2025-08-08,CR101,62353,17292,11636
2025-08-08,CR102,48133,23015,11759
2025-08-08,CR103,69584,14832,15510
2025-08-08,CR104,61230,35397,5051
2025-08-08,CR105,84050,18572,3117
2025-08-08,CR106,83109,42233,5420
2025-08-08,CR107,99331,21463,8968
2025-08-08,CR108,79273,27520,19675
2025-08-08,CR109,64425,40705,3039
2025-08-08,CR110,43781,29954,9184
2025-08-08,CR111,78463,11572,17392
2025-08-08,CR112,81553,34487,14356
2025-08-08,CR113,62053,24099,2135
2025-08-08,CR114,28321,38366,18788
2025-08-08,CR115,60810,34399,9343
2025-08-08,CR116,51810,43985,8082
2025-08-08,CR117,37947,22241,18117
2025-08-08,CR118,52938,34295,10157
2025-08-08,CR119,69011,8985,8966
2025-08-08,CR120,62472,38721,12752
2025-08-08,CR121,47316,18297,17276
2025-08-08,CR122,30732,5875,6082
2025-08-08,CR123,79096,6246,2066
2025-08-08,CR124,40174,43184,6249
2025-08-09,CR101,62853,17862,11650
2025-08-09,CR102,48675,23472,11773
2025-08-09,CR103,70037,15373,15522
2025-08-09,CR104,61695,35880,5064
2025-08-09,CR105,84630,19074,3135
2025-08-09,CR106,83693,42762,5437
2025-08-09,CR107,99818,22014,8985
2025-08-09,CR108,79844,27982,19693
2025-08-09,CR109,64942,41216,3055
2025-08-09,CR110,44282,30487,9201
2025-08-09,CR111,79014,12161,17406
2025-08-09,CR112,82092,34992,14371
2025-08-09,CR113,62629,24597,2148
2025-08-09,CR114,28797,38940,18805
2025-08-09,CR115,61352,34857,9360
2025-08-09,CR116,52319,44523,8097
2025-08-09,CR117,38496,22709,18130
2025-08-09,CR118,53504,34747,10171
2025-08-09,CR119,69586,9441,8984
2025-08-09,CR120,62953,39312,12768
2025-08-09,CR121,47803,18811,17290
2025-08-09,CR122,31325,6396,6099
2025-08-09,CR123,79633,6786,2081
2025-08-09,CR124,40718,43782,6267
2025-08-10,CR101,63310,18432,11666
2025-08-10,CR102,49244,23924,11788
2025-08-10,CR103,70493,15917,15538
2025-08-10,CR104,62155,36364,5081
2025-08-10,CR105,85171,19624,3151
2025-08-10,CR106,84172,43323,5450
2025-08-10,CR107,100387,22510,9002
2025-08-10,CR108,80406,28478,19710
2025-08-10,CR109,65528,41788,3070
2025-08-10,CR110,44839,30991,9215
2025-08-10,CR111,79541,12735,17421
2025-08-10,CR112,82606,35591,14387
2025-08-10,CR113,63092,25089,2163
2025-08-10,CR114,29326,39533,18817
2025-08-10,CR115,61945,35361,9375
2025-08-10,CR116,52863,45118,8111
2025-08-10,CR117,39066,23214,18148
2025-08-10,CR118,54001,35229,10184
2025-08-10,CR119,70133,9980,8998
2025-08-10,CR120,63551,39900,12786
2025-08-10,CR121,48384,19266,17302
2025-08-10,CR122,31852,6868,6115
2025-08-10,CR123,80211,7339,2098
2025-08-10,CR124,41269,44249,6285
2025-08-11,CR101,63813,19025,11678
2025-08-11,CR102,49809,24413,11805
2025-08-11,CR103,71020,16479,15556
2025-08-11,CR104,62683,36822,5097
2025-08-11,CR105,85662,20077,3165
2025-08-11,CR106,84723,43838,5466
2025-08-11,CR107,100925,23027,9019
2025-08-11,CR108,80928,29031,19725
2025-08-11,CR109,66048,42346,3086
2025-08-11,CR110,45407,31518,9233
2025-08-11,CR111,80033,13299,17434
2025-08-11,CR112,83203,36180,14402
2025-08-11,CR113,63555,25572,2177
2025-08-11,CR114,29811,40114,18835
2025-08-11,CR115,62412,35837,9392
2025-08-11,CR116,53389,45702,8129
2025-08-11,CR117,39572,23756,18160
2025-08-11,CR118,54502,35690,10198
2025-08-11,CR119,70588,10455,9013
2025-08-11,CR120,64030,40426,12799
2025-08-11,CR121,48856,19751,17315
2025-08-11,CR122,32356,7372,6130
2025-08-11,CR123,80692,7871,2111
2025-08-11,CR124,41865,44847,6303
2025-08-12,CR101,64371,19567,11692
2025-08-12,CR102,50279,24992,11817
2025-08-12,CR103,71583,17054,15568
2025-08-12,CR104,63180,37420,5115
2025-08-12,CR105,86159,20582,3182
2025-08-12,CR106,85178,44305,5483
2025-08-12,CR107,101442,23555,9034
2025-08-12,CR108,81440,29488,19742
2025-08-12,CR109,66537,42935,3103
2025-08-12,CR110,45990,31987,9246
2025-08-12,CR111,80497,13812,17451
2025-08-12,CR112,83720,36703,14420
2025-08-12,CR113,64095,26030,2194
2025-08-12,CR114,30397,40649,18852
2025-08-12,CR115,62920,36301,9408
2025-08-12,CR116,53928,46284,8147
2025-08-12,CR117,40159,24209,18175
2025-08-12,CR118,55029,36156,10214
2025-08-12,CR119,71160,10944,9026
2025-08-12,CR120,64544,40890,12812
2025-08-12,CR121,49452,20253,17329
2025-08-12,CR122,32869,7878,6147
2025-08-12,CR123,81227,8339,2129
2025-08-12,CR124,42397,45310,6320
2025-08-13,CR101,64822,20152,11707
2025-08-13,CR102,50878,25461,11830
2025-08-13,CR103,72150,17568,15582
2025-08-13,CR104,63673,38008,5129
2025-08-13,CR105,86659,21103,3198
2025-08-13,CR106,85767,44838,5499
2025-08-13,CR107,101960,24112,9051
2025-08-13,CR108,82009,30077,19754
2025-08-13,CR109,67004,43415,3119
2025-08-13,CR110,46490,32446,9261
2025-08-13,CR111,81027,14409,17467
2025-08-13,CR112,84227,37259,14433
2025-08-13,CR113,64577,26549,2210
2025-08-13,CR114,30887,41237,18870
2025-08-13,CR115,63396,36885,9424
2025-08-13,CR116,54453,46839,8161
2025-08-13,CR117,40639,24669,18192
2025-08-13,CR118,55620,36683,10230
2025-08-13,CR119,71715,11464,9041
2025-08-13,CR120,65036,41341,12826
2025-08-13,CR121,50028,20750,17346
2025-08-13,CR122,33406,8431,6163
2025-08-13,CR123,81733,8884,2144
2025-08-13,CR124,42984,45869,6335
2025-08-14,CR101,65329,20624,11719
2025-08-14,CR102,51394,25946,11846
2025-08-14,CR103,72647,18102,15595
2025-08-14,CR104,64168,38605,5146
2025-08-14,CR105,87256,21679,3213
2025-08-14,CR106,86361,45368,5512
2025-08-14,CR107,102454,24674,9067
2025-08-14,CR108,82569,30542,19769
2025-08-14,CR109,67551,43961,3134
2025-08-14,CR110,47033,32967,9277
2025-08-14,CR111,81531,14905,17480
2025-08-14,CR112,84800,37750,14446
2025-08-14,CR113,65136,27139,2224
2025-08-14,CR114,31381,41728,18882
2025-08-14,CR115,63851,37408,9437
2025-08-14,CR116,54925,47414,8173
2025-08-14,CR117,41223,25132,18208
2025-08-14,CR118,56111,37231,10243
2025-08-14,CR119,72297,12037,9055
2025-08-14,CR120,65493,41795,12841
2025-08-14,CR121,50497,21243,17361
2025-08-14,CR122,33993,9010,6177
2025-08-14,CR123,82274,9456,2159
2025-08-14,CR124,43496,46397,6349
2025-08-15,CR101,65804,21212,11736
2025-08-15,CR102,51866,26485,11864
2025-08-15,CR103,73131,18666,15612
2025-08-15,CR104,64744,39105,5161
2025-08-15,CR105,87810,22213,3230
2025-08-15,CR106,86920,45870,5528
2025-08-15,CR107,103037,25203,9082
2025-08-15,CR108,83072,31123,19785
2025-08-15,CR109,68014,44453,3146
2025-08-15,CR110,47525,33418,9293
2025-08-15,CR111,82124,15482,17492
2025-08-15,CR112,85297,38257,14462
2025-08-15,CR113,65718,27679,2242
2025-08-15,CR114,31939,42244,18899
2025-08-15,CR115,64329,38007,9453
2025-08-15,CR116,55408,47963,8190
2025-08-15,CR117,41691,25679,18221
2025-08-15,CR118,56637,37806,10261
2025-08-15,CR119,72888,12616,9071
2025-08-15,CR120,65963,42372,12858
2025-08-15,CR121,50970,21706,17373
2025-08-15,CR122,34495,9591,6194
2025-08-15,CR123,82761,9930,2173
2025-08-15,CR124,43977,46911,6365
2025-08-16,CR101,66257,21776,11750
2025-08-16,CR102,52439,27027,11879
2025-08-16,CR103,73588,19207,15628
2025-08-16,CR104,65228,39694,5178
2025-08-16,CR105,88390,22804,3243
2025-08-16,CR106,87494,46393,5546
2025-08-16,CR107,103610,25742,9100
2025-08-16,CR108,83643,31685,19799
2025-08-16,CR109,68599,45023,3160
2025-08-16,CR110,48046,33878,9306
2025-08-16,CR111,82703,16045,17509
2025-08-16,CR112,85801,38734,14477
2025-08-16,CR113,66291,28164,2254
2025-08-16,CR114,32524,42743,18914
2025-08-16,CR115,64864,38556,9467
2025-08-16,CR116,55959,48548,8206
2025-08-16,CR117,42259,26235,18238
2025-08-16,CR118,57104,38276,10276
2025-08-16,CR119,73357,13069,9084
2025-08-16,CR120,66469,42939,12873
2025-08-16,CR121,51441,22263,17386
2025-08-16,CR122,34993,10189,6211
2025-08-16,CR123,83304,10511,2191
2025-08-16,CR124,44488,47372,6382
2025-08-17,CR101,66767,22258,11764
2025-08-17,CR102,52976,27529,11894
2025-08-17,CR103,74158,19801,15643
2025-08-17,CR104,65737,40144,5194
2025-08-17,CR105,88935,23268,3259
2025-08-17,CR106,87971,46868,5558
2025-08-17,CR107,104072,26206,9117
2025-08-17,CR108,84111,32187,19816
2025-08-17,CR109,69053,45592,3173
2025-08-17,CR110,48611,34417,9319
2025-08-17,CR111,83210,16612,17525
2025-08-17,CR112,86267,39292,14492
2025-08-17,CR113,66854,28693,2266
2025-08-17,CR114,32999,43196,18928
2025-08-17,CR115,65373,39023,9480
2025-08-17,CR116,56466,49112,8223
2025-08-17,CR117,42767,26692,18252
2025-08-17,CR118,57589,38834,10292
2025-08-17,CR119,73953,13668,9101
2025-08-17,CR120,67030,43470,12888
2025-08-17,CR121,51935,22838,17401
2025-08-17,CR122,35564,10749,6225
2025-08-17,CR123,83873,11087,2203
2025-08-17,CR124,45061,47917,6398
2025-08-18,CR101,67275,22792,11777
2025-08-18,CR102,53534,28092,11907
2025-08-18,CR103,74676,20390,15660
2025-08-18,CR104,66193,40732,5208
2025-08-18,CR105,89507,23753,3273
2025-08-18,CR106,88440,47371,5571
2025-08-18,CR107,104656,26775,9131
2025-08-18,CR108,84574,32716,19829
2025-08-18,CR109,69601,46052,3186
2025-08-18,CR110,49102,34945,9334
2025-08-18,CR111,83774,17095,17538
2025-08-18,CR112,86804,39884,14504
2025-08-18,CR113,67436,29220,2282
2025-08-18,CR114,33534,43755,18944
2025-08-18,CR115,65942,39605,9496
2025-08-18,CR116,56984,49607,8240
2025-08-18,CR117,43231,27203,18268
2025-08-18,CR118,58134,39287,10307
2025-08-18,CR119,74423,14227,9118
2025-08-18,CR120,67604,43930,12905
2025-08-18,CR121,52500,23373,17417
2025-08-18,CR122,36015,11282,6243
2025-08-18,CR123,84396,11635,2216
2025-08-18,CR124,45625,48413,6412
2025-08-19,CR101,67770,23283,11789
2025-08-19,CR102,54006,28675,11921
2025-08-19,CR103,75242,20927,15673
2025-08-19,CR104,66721,41211,5221
2025-08-19,CR105,90107,24237,3288
2025-08-19,CR106,89002,47954,5587
2025-08-19,CR107,105116,27360,9146
2025-08-19,CR108,85134,33242,19846
2025-08-19,CR109,70062,46585,3199
2025-08-19,CR110,49697,35528,9347
2025-08-19,CR111,84281,17620,17553
2025-08-19,CR112,87354,40389,14519
2025-08-19,CR113,67971,29680,2296
2025-08-19,CR114,34089,44344,18961
2025-08-19,CR115,66436,40161,9508
2025-08-19,CR116,57437,50147,8254
2025-08-19,CR117,43707,27656,18284
2025-08-19,CR118,58674,39778,10320
2025-08-19,CR119,75014,14807,9130
2025-08-19,CR120,68090,44479,12921
2025-08-19,CR121,52982,23924,17432
2025-08-19,CR122,36612,11763,6259
2025-08-19,CR123,84883,12139,2229
2025-08-19,CR124,46140,48937,6429
2025-08-20,CR101,68269,23751,11804
2025-08-20,CR102,54505,29257,11935
2025-08-20,CR103,75785,21473,15685
2025-08-20,CR104,67285,41749,5233
2025-08-20,CR105,90558,24816,3301
2025-08-20,CR106,89536,48550,5600
2025-08-20,CR107,105652,27899,9158
2025-08-20,CR108,85637,33808,19859
2025-08-20,CR109,70550,47184,3216
2025-08-20,CR110,50251,36031,9362
2025-08-20,CR111,84819,18157,17566
2025-08-20,CR112,87905,40882,14533
2025-08-20,CR113,68532,30212,2312
2025-08-20,CR114,34592,44922,18977
2025-08-20,CR115,66905,40643,9526
2025-08-20,CR116,57918,50688,8271
2025-08-20,CR117,44272,28225,18301
2025-08-20,CR118,59145,40373,10333
2025-08-20,CR119,75537,15353,9146
2025-08-20,CR120,68688,44957,12933
2025-08-20,CR121,53563,24496,17450
2025-08-20,CR122,37087,12284,6276
2025-08-20,CR123,85356,12667,2243
2025-08-20,CR124,46636,49406,6442
2025-08-21,CR101,68862,24277,11817
2025-08-21,CR102,55048,29823,11948
2025-08-21,CR103,76327,22057,15701
2025-08-21,CR104,67827,42283,5246
2025-08-21,CR105,91111,25382,3313
2025-08-21,CR106,90097,49078,5616
2025-08-21,CR107,106164,28376,9173
2025-08-21,CR108,86183,34323,19874
2025-08-21,CR109,71006,47735,3229
2025-08-21,CR110,50708,36534,9378
2025-08-21,CR111,85395,18666,17583
2025-08-21,CR112,88374,41344,14549
2025-08-21,CR113,69090,30686,2324
2025-08-21,CR114,35149,45453,18991
2025-08-21,CR115,67394,41110,9538
2025-08-21,CR116,58378,51260,8289
2025-08-21,CR117,44822,28799,18315
2025-08-21,CR118,59726,40932,10347
2025-08-21,CR119,76001,15896,9159
2025-08-21,CR120,69173,45523,12950
2025-08-21,CR121,54093,24997,17465
2025-08-21,CR122,37547,12763,6293
2025-08-21,CR123,85840,13196,2257
2025-08-21,CR124,47118,49925,6457
2025-08-22,CR101,69400,24852,11834
2025-08-22,CR102,55616,30354,11961
2025-08-22,CR103,76855,22538,15717
2025-08-22,CR104,68375,42758,5260
2025-08-22,CR105,91652,25833,3331
2025-08-22,CR106,90558,49668,5631
2025-08-22,CR107,106631,28854,9188
2025-08-22,CR108,86676,34874,19889
2025-08-22,CR109,71496,48297,3246
2025-08-22,CR110,51216,37130,9390
2025-08-22,CR111,85943,19151,17600
2025-08-22,CR112,88875,41881,14566
2025-08-22,CR113,69610,31253,2339
2025-08-22,CR114,35702,46035,19005
2025-08-22,CR115,67879,41705,9550
2025-08-22,CR116,58834,51823,8305
2025-08-22,CR117,45382,29320,18327
2025-08-22,CR118,60213,41394,10359
2025-08-22,CR119,76489,16430,9174
2025-08-22,CR120,69704,46100,12965
2025-08-22,CR121,54636,25475,17480
2025-08-22,CR122,38045,13358,6307
2025-08-22,CR123,86333,13668,2270
2025-08-22,CR124,47703,50445,6469
2025-08-23,CR101,69941,25419,11847
2025-08-23,CR102,56146,30916,11977
2025-08-23,CR103,77435,22992,15730
2025-08-23,CR104,68949,43288,5276
2025-08-23,CR105,92112,26324,3348
2025-08-23,CR106,91124,50244,5645
2025-08-23,CR107,107199,29422,9200
2025-08-23,CR108,87182,35460,19905
2025-08-23,CR109,72078,48803,3259
2025-08-23,CR110,51691,37623,9407
2025-08-23,CR111,86410,19715,17614
2025-08-23,CR112,89388,42368,14578
2025-08-23,CR113,70136,31768,2352
2025-08-23,CR114,36263,46589,19018
2025-08-23,CR115,68457,42175,9564
2025-08-23,CR116,59401,52391,8320
2025-08-23,CR117,45935,29808,18345
2025-08-23,CR118,60691,41862,10375
2025-08-23,CR119,76949,16942,9191
2025-08-23,CR120,70219,46615,12981
2025-08-23,CR121,55215,26040,17496
2025-08-23,CR122,38571,13955,6323
2025-08-23,CR123,86850,14212,2286
2025-08-23,CR124,48226,50998,6487
2025-08-24,CR101,70473,25880,11863
2025-08-24,CR102,56706,31442,11990
2025-08-24,CR103,77988,23533,15746
2025-08-24,CR104,69451,43868,5291
2025-08-24,CR105,92651,26820,3365
2025-08-24,CR106,91669,50788,5658
2025-08-24,CR107,107708,29942,9217
2025-08-24,CR108,87732,35926,19921
2025-08-24,CR109,72609,49371,3276
2025-08-24,CR110,52224,38180,9421
2025-08-24,CR111,86999,20190,17630
2025-08-24,CR112,89879,42865,14593
2025-08-24,CR113,70685,32220,2367
2025-08-24,CR114,36714,47109,19035
2025-08-24,CR115,69030,42722,9581
2025-08-24,CR116,59852,52872,8333
2025-08-24,CR117,46443,30339,18362
2025-08-24,CR118,61250,42318,10390
2025-08-24,CR119,77441,17541,9205
2025-08-24,CR120,70694,47067,12997
2025-08-24,CR121,55773,26529,17513
2025-08-24,CR122,39138,14552,6338
2025-08-24,CR123,87373,14708,2301
2025-08-24,CR124,48796,51510,6505
2025-08-25,CR101,71040,26347,11879
2025-08-25,CR102,57233,31954,12005
2025-08-25,CR103,78552,24081,15758
2025-08-25,CR104,69928,44398,5303
2025-08-25,CR105,93164,27329,3383
2025-08-25,CR106,92201,51243,5673
2025-08-25,CR107,108211,30538,9230
2025-08-25,CR108,88316,36491,19935
2025-08-25,CR109,73141,49930,3293
2025-08-25,CR110,52812,38735,9435
2025-08-25,CR111,87451,20752,17645
2025-08-25,CR112,90412,43441,14607
2025-08-25,CR113,71158,32789,2383
2025-08-25,CR114,37234,47678,19053
2025-08-25,CR115,69629,43232,9595
2025-08-25,CR116,60400,53406,8346
2025-08-25,CR117,47037,30820,18379
2025-08-25,CR118,61779,42824,10406
2025-08-25,CR119,77898,18064,9218
2025-08-25,CR120,71268,47601,13014
2025-08-25,CR121,56295,27082,17527
2025-08-25,CR122,39695,15106,6354
2025-08-25,CR123,87879,15203,2318
2025-08-25,CR124,49348,52089,6519
2025-08-26,CR101,71625,26918,11892
2025-08-26,CR102,57717,32525,12021
2025-08-26,CR103,79050,24623,15772
2025-08-26,CR104,70520,44998,5319
2025-08-26,CR105,93638,27849,3395
2025-08-26,CR106,92693,51750,5685
2025-08-26,CR107,108709,31016,9245
2025-08-26,CR108,88810,37076,19947
2025-08-26,CR109,73712,50506,3311
2025-08-26,CR110,53306,39283,9452
2025-08-26,CR111,87933,21347,17663
2025-08-26,CR112,90904,43905,14625
2025-08-26,CR113,71700,33289,2397
2025-08-26,CR114,37823,48147,19068
2025-08-26,CR115,70137,43746,9611
2025-08-26,CR116,60939,53861,8359
2025-08-26,CR117,47575,31309,18393
2025-08-26,CR118,62233,43416,10424
2025-08-26,CR119,78359,18570,9231
2025-08-26,CR120,71820,48149,13027
2025-08-26,CR121,56769,27648,17540
2025-08-26,CR122,40197,15594,6372
2025-08-26,CR123,88457,15761,2331
2025-08-26,CR124,49837,52601,6533
2025-08-27,CR101,72171,27404,11907
2025-08-27,CR102,58260,33030,12036
2025-08-27,CR103,79631,25194,15787
2025-08-27,CR104,71013,45517,5333
2025-08-27,CR105,94143,28324,3410
2025-08-27,CR106,93224,52258,5703
2025-08-27,CR107,109172,31597,9258
2025-08-27,CR108,89359,37657,19965
2025-08-27,CR109,74186,51069,3325
2025-08-27,CR110,53826,39843,9468
2025-08-27,CR111,88419,21845,17680
2025-08-27,CR112,91479,44377,14640
2025-08-27,CR113,72229,33817,2410
2025-08-27,CR114,38317,48734,19083
2025-08-27,CR115,70627,44343,9624
2025-08-27,CR116,61507,54389,8376
2025-08-27,CR117,48172,31834,18409
2025-08-27,CR118,62786,43936,10437
2025-08-27,CR119,78840,19142,9247
2025-08-27,CR120,72325,48748,13043
2025-08-27,CR121,57259,28166,17558
2025-08-27,CR122,40698,16138,6388
2025-08-27,CR123,88959,16285,2349
2025-08-27,CR124,50368,53099,6550
2025-08-28,CR101,72729,27899,11924
2025-08-28,CR102,58769,33534,12049
2025-08-28,CR103,80187,25647,15801
2025-08-28,CR104,71567,46075,5350
2025-08-28,CR105,94691,28876,3422
2025-08-28,CR106,93759,52710,5720
2025-08-28,CR107,109652,32083,9272
2025-08-28,CR108,89943,38204,19977
2025-08-28,CR109,74642,51614,3340
2025-08-28,CR110,54369,40318,9481
2025-08-28,CR111,88956,22400,17696
2025-08-28,CR112,92006,44931,14655
2025-08-28,CR113,72781,34405,2426
2025-08-28,CR114,38859,49206,19097
2025-08-28,CR115,71196,44874,9638
2025-08-28,CR116,62046,54885,8393
2025-08-28,CR117,48727,32293,18427
2025-08-28,CR118,63253,44523,10452
2025-08-28,CR119,79361,19739,9264
2025-08-28,CR120,72775,49225,13057
2025-08-28,CR121,57767,28659,17571
2025-08-28,CR122,41238,16729,6401
2025-08-28,CR123,89429,16837,2362
2025-08-28,CR124,50948,53643,6564
2025-08-29,CR101,73247,28411,11939
2025-08-29,CR102,59350,34023,12065
2025-08-29,CR103,80742,26216,15817
2025-08-29,CR104,72091,46642,5365
2025-08-29,CR105,95217,29461,3437
2025-08-29,CR106,94309,53214,5736
2025-08-29,CR107,110143,32638,9289
2025-08-29,CR108,90501,38717,19994
2025-08-29,CR109,75239,52169,3354
2025-08-29,CR110,54947,40893,9493
2025-08-29,CR111,89484,22854,17710
2025-08-29,CR112,92592,45514,14671
2025-08-29,CR113,73254,35000,2442
2025-08-29,CR114,39405,49688,19114
2025-08-29,CR115,71758,45415,9656
2025-08-29,CR116,62634,55465,8409
2025-08-29,CR117,49236,32825,18440
2025-08-29,CR118,63748,45051,10464
2025-08-29,CR119,79838,20319,9278
2025-08-29,CR120,73269,49732,13070
2025-08-29,CR121,58230,29159,17588
2025-08-29,CR122,41836,17235,6417
2025-08-29,CR123,89894,17432,2378
2025-08-29,CR124,51545,54103,6581
2025-08-30,CR101,73802,28952,11954
2025-08-30,CR102,59890,34613,12078
2025-08-30,CR103,81267,26731,15831
2025-08-30,CR104,72630,47163,5382
2025-08-30,CR105,95812,29964,3454
2025-08-30,CR106,94843,53803,5753
2025-08-30,CR107,110661,33235,9301
2025-08-30,CR108,91072,39187,20010
2025-08-30,CR109,75777,52653,3370
2025-08-30,CR110,55526,41373,9510
2025-08-30,CR111,89948,23443,17726
2025-08-30,CR112,93142,46029,14685
2025-08-30,CR113,73781,35534,2458
2025-08-30,CR114,39928,50269,19127
2025-08-30,CR115,72349,45890,9670
2025-08-30,CR116,63143,56009,8427
2025-08-30,CR117,49802,33326,18456
2025-08-30,CR118,64235,45630,10481
2025-08-30,CR119,80410,20891,9291
2025-08-30,CR120,73789,50206,13085
2025-08-30,CR121,58775,29642,17602
2025-08-30,CR122,42300,17803,6433
2025-08-30,CR123,90381,17892,2391
2025-08-30,CR124,52110,54607,6597
2025-08-31,CR101,74321,29499,11968
2025-08-31,CR102,60425,35100,12095
2025-08-31,CR103,81742,27299,15843
2025-08-31,CR104,73219,47626,5395
2025-08-31,CR105,96376,30420,3470
2025-08-31,CR106,95342,54277,5768
2025-08-31,CR107,111143,33780,9315
2025-08-31,CR108,91619,39707,20027
2025-08-31,CR109,76369,53219,3384
2025-08-31,CR110,56072,41846,9526
2025-08-31,CR111,90528,23912,17740
2025-08-31,CR112,93695,46577,14703
2025-08-31,CR113,74254,36105,2475
2025-08-31,CR114,40465,50778,19144
2025-08-31,CR115,72805,46440,9685
2025-08-31,CR116,63730,56537,8442
2025-08-31,CR117,50369,33814,18472
2025-08-31,CR118,64745,46220,10494
2025-08-31,CR119,80999,21447,9304
2025-08-31,CR120,74311,50745,13098
2025-08-31,CR121,59342,30239,17618
2025-08-31,CR122,42843,18399,6446
2025-08-31,CR123,90922,18415,2406
2025-08-31,CR124,52629,55177,6614
2025-09-01,CR101,74786,30094,11985
2025-09-01,CR102,60962,35579,12111
2025-09-01,CR103,82285,27852,15856
2025-09-01,CR104,73730,48120,5411
2025-09-01,CR105,96942,30929,3486
2025-09-01,CR106,95881,54795,5783
2025-09-01,CR107,111716,34236,9329
2025-09-01,CR108,92129,40244,20040
2025-09-01,CR109,76887,53800,3397
2025-09-01,CR110,56579,42394,9538
2025-09-01,CR111,91076,24479,17758
2025-09-01,CR112,94202,47143,14715
2025-09-01,CR113,74821,36608,2490
2025-09-01,CR114,40943,51334,19162
2025-09-01,CR115,73301,46895,9701
2025-09-01,CR116,64236,57106,8455
2025-09-01,CR117,50860,34355,18490
2025-09-01,CR118,65260,46786,10512
2025-09-01,CR119,81575,22025,9318
2025-09-01,CR120,74884,51197,13110
2025-09-01,CR121,59799,30772,17632
2025-09-01,CR122,43398,18928,6464
2025-09-01,CR123,91508,18915,2418
2025-09-01,CR124,53142,55734,6627
2025-09-02,CR101,75253,30647,11999
2025-09-02,CR102,61461,36057,12129
2025-09-02,CR103,82811,28364,15869
2025-09-02,CR104,74235,48613,5425
2025-09-02,CR105,97542,31461,3498
2025-09-02,CR106,96432,55308,5797
2025-09-02,CR107,112170,34802,9341
2025-09-02,CR108,92605,40768,20054
2025-09-02,CR109,77415,54279,3413
2025-09-02,CR110,57077,42887,9554
2025-09-02,CR111,91654,25040,17773
2025-09-02,CR112,94733,47641,14732
2025-09-02,CR113,75388,37160,2507
2025-09-02,CR114,41404,51862,19174
2025-09-02,CR115,73790,47353,9718
2025-09-02,CR116,64741,57625,8468
2025-09-02,CR117,51362,34880,18504
2025-09-02,CR118,65800,47346,10525
2025-09-02,CR119,82109,22513,9334
2025-09-02,CR120,75378,51731,13126
2025-09-02,CR121,60340,31263,17646
2025-09-02,CR122,43901,19436,6479
2025-09-02,CR123,91994,19422,2434
2025-09-02,CR124,53600,56201,6643
2025-09-03,CR101,75775,31103,12015
2025-09-03,CR102,61936,36552,12146
2025-09-03,CR103,83312,28957,15883
2025-09-03,CR104,74732,49097,5442
2025-09-03,CR105,98035,31953,3515
2025-09-03,CR106,96942,55841,5813
2025-09-03,CR107,112737,35280,9356
2025-09-03,CR108,93091,41333,20068
2025-09-03,CR109,77867,54778,3427
2025-09-03,CR110,57599,43364,9569
2025-09-03,CR111,92156,25531,17786
2025-09-03,CR112,95322,48126,14747
2025-09-03,CR113,75967,37673,2524
2025-09-03,CR114,41895,52325,19191
2025-09-03,CR115,74356,47918,9732
2025-09-03,CR116,65225,58213,8484
2025-09-03,CR117,51848,35380,18518
2025-09-03,CR118,66390,47844,10538
2025-09-03,CR119,82563,23063,9352
2025-09-03,CR120,75865,52275,13138
2025-09-03,CR121,60853,31735,17662
2025-09-03,CR122,44414,19939,6491
2025-09-03,CR123,92463,19908,2449
2025-09-03,CR124,54066,56708,6658
2025-09-04,CR101,76269,31590,12033
2025-09-04,CR102,62402,37145,12160
2025-09-04,CR103,83881,29440,15898
2025-09-04,CR104,75185,49686,5454
2025-09-04,CR105,98519,32438,3531
2025-09-04,CR106,97464,56387,5828
2025-09-04,CR107,113246,35790,9372
2025-09-04,CR108,93600,41843,20084
2025-09-04,CR109,78383,55330,3439
2025-09-04,CR110,58147,43943,9583
2025-09-04,CR111,92755,26097,17799
2025-09-04,CR112,95873,48665,14759
2025-09-04,CR113,76533,38244,2538
2025-09-04,CR114,42395,52917,19205
2025-09-04,CR115,74811,48442,9746
2025-09-04,CR116,65785,58705,8500
2025-09-04,CR117,52438,35840,18532
2025-09-04,CR118,66982,48432,10550
2025-09-04,CR119,83035,23601,9370
2025-09-04,CR120,76344,52759,13153
2025-09-04,CR121,61376,32228,17675
2025-09-04,CR122,44989,20511,6504
2025-09-04,CR123,92995,20385,2465
2025-09-04,CR124,54540,57194,6671
2025-09-05,CR101,76841,32087,12050
2025-09-05,CR102,62900,37717,12173
2025-09-05,CR103,84430,29996,15911
2025-09-05,CR104,75780,50161,5472
2025-09-05,CR105,99100,33008,3545
2025-09-05,CR106,97989,56892,5846
2025-09-05,CR107,113815,36368,9387
2025-09-05,CR108,94165,42304,20099
2025-09-05,CR109,78871,55910,3454
2025-09-05,CR110,58679,44513,9595
2025-09-05,CR111,93244,26573,17812
2025-09-05,CR112,96400,49193,14772
2025-09-05,CR113,77007,38742,2553
2025-09-05,CR114,42970,53492,19222
2025-09-05,CR115,75285,48946,9759
2025-09-05,CR116,66359,59176,8517
2025-09-05,CR117,52985,36348,18549
2025-09-05,CR118,67496,48886,10568
2025-09-05,CR119,83486,24154,9386
2025-09-05,CR120,76881,53299,13170
2025-09-05,CR121,61915,32743,17688
2025-09-05,CR122,45500,21011,6520
2025-09-05,CR123,93563,20930,2481
2025-09-05,CR124,55016,57645,6684
2025-09-06,CR101,77308,32656,12064
2025-09-06,CR102,63462,38285,12186
2025-09-06,CR103,85005,30489,15926
2025-09-06,CR104,76356,50714,5487
2025-09-06,CR105,99617,33564,3563
2025-09-06,CR106,98503,57434,5863
2025-09-06,CR107,114361,36920,9399
2025-09-06,CR108,94648,42787,20114
2025-09-06,CR109,79390,56497,3467
2025-09-06,CR110,59267,44980,9611
2025-09-06,CR111,93764,27095,17824
2025-09-06,CR112,96995,49662,14787
2025-09-06,CR113,77529,39302,2570
2025-09-06,CR114,43554,53968,19237
2025-09-06,CR115,75753,49536,9774
2025-09-06,CR116,66843,59645,8535
2025-09-06,CR117,53491,36824,18561
2025-09-06,CR118,68012,49481,10584
2025-09-06,CR119,84072,24618,9402
2025-09-06,CR120,77342,53880,13185
2025-09-06,CR121,62411,33229,17705
2025-09-06,CR122,46065,21524,6536
2025-09-06,CR123,94067,21462,2496
2025-09-06,CR124,55532,58208,6699
2025-09-07,CR101,77785,33199,12076
2025-09-07,CR102,63926,38740,12202
2025-09-07,CR103,85592,30996,15939
2025-09-07,CR104,76827,51240,5500
2025-09-07,CR105,100072,34140,3580
2025-09-07,CR106,99063,57917,5876
2025-09-07,CR107,114893,37478,9416
2025-09-07,CR108,95201,43373,20127
2025-09-07,CR109,79897,57087,3482
2025-09-07,CR110,59788,45459,9625
2025-09-07,CR111,94303,27637,17842
2025-09-07,CR112,97457,50154,14803
2025-09-07,CR113,78086,39767,2583
2025-09-07,CR114,44068,54543,19252
2025-09-07,CR115,76326,50093,9790
2025-09-07,CR116,67409,60144,8547
2025-09-07,CR117,53951,37388,18575
2025-09-07,CR118,68471,50048,10597
2025-09-07,CR119,84590,25158,9415
2025-09-07,CR120,77902,54433,13197
2025-09-07,CR121,62872,33694,17723
2025-09-07,CR122,46605,22117,6549
2025-09-07,CR123,94643,21976,2509
2025-09-07,CR124,56104,58706,6717
2025-09-08,CR101,78240,33695,12088
2025-09-08,CR102,64390,39312,12220
2025-09-08,CR103,86062,31553,15956
2025-09-08,CR104,77420,51744,5515
2025-09-08,CR105,100602,34641,3595
2025-09-08,CR106,99658,58492,5893
2025-09-08,CR107,115491,37995,9431
2025-09-08,CR108,95747,43971,20142
2025-09-08,CR109,80490,57629,3499
2025-09-08,CR110,60280,45960,9637
2025-09-08,CR111,94896,28138,17856
2025-09-08,CR112,97965,50660,14818
2025-09-08,CR113,78558,40257,2600
2025-09-08,CR114,44561,55051,19267
2025-09-08,CR115,76882,50582,9806
2025-09-08,CR116,67905,60628,8563
2025-09-08,CR117,54496,37950,18592
2025-09-08,CR118,69070,50602,10614
2025-09-08,CR119,85147,25633,9432
2025-09-08,CR120,78373,54978,13213
2025-09-08,CR121,63326,34179,17740
2025-09-08,CR122,47171,22578,6562
2025-09-08,CR123,95133,22433,2522
2025-09-08,CR124,56682,59234,6733
2025-09-09,CR101,78734,34178,12102
2025-09-09,CR102,64949,39846,12235
2025-09-09,CR103,86643,32009,15974
2025-09-09,CR104,77958,52264,5528
2025-09-09,CR105,101097,35205,3610
2025-09-09,CR106,100219,59091,5910
2025-09-09,CR107,116010,38500,9446
2025-09-09,CR108,96225,44471,20154
2025-09-09,CR109,80994,58144,3512
2025-09-09,CR110,60743,46537,9655
2025-09-09,CR111,95419,28671,17870
2025-09-09,CR112,98557,51248,14835
2025-09-09,CR113,79060,40822,2614
2025-09-09,CR114,45075,55577,19281
2025-09-09,CR115,77460,51179,9823
2025-09-09,CR116,68419,61107,8578
2025-09-09,CR117,54962,38524,18608
2025-09-09,CR118,69662,51057,10626
2025-09-09,CR119,85609,26194,9445
2025-09-09,CR120,78896,55461,13227
2025-09-09,CR121,63780,34658,17757
2025-09-09,CR122,47660,23071,6574
2025-09-09,CR123,95727,22990,2540
2025-09-09,CR124,57228,59804,6748
2025-09-10,CR101,79310,34738,12117
2025-09-10,CR102,65437,40334,12247
2025-09-10,CR103,87177,32490,15991
2025-09-10,CR104,78428,52784,5540
2025-09-10,CR105,101661,35699,3628
2025-09-10,CR106,100790,59606,5922
2025-09-10,CR107,116523,39070,9460
2025-09-10,CR108,96723,44977,20171
2025-09-10,CR109,81535,58634,3527
2025-09-10,CR110,61302,47084,9673
2025-09-10,CR111,96006,29151,17885
2025-09-10,CR112,99037,51769,14849
2025-09-10,CR113,79514,41273,2629
2025-09-10,CR114,45618,56136,19298
2025-09-10,CR115,78036,51768,9840
2025-09-10,CR116,68998,61663,8593
2025-09-10,CR117,55413,39082,18621
2025-09-10,CR118,70222,51642,10644
2025-09-10,CR119,86093,26706,9463
2025-09-10,CR120,79425,56001,13242
2025-09-10,CR121,64305,35239,17773
2025-09-10,CR122,48170,23542,6592
2025-09-10,CR123,96318,23587,2556
2025-09-10,CR124,57712,60364,6763
2025-09-11,CR101,79860,35330,12130
2025-09-11,CR102,65996,40846,12263
2025-09-11,CR103,87755,33057,16008
2025-09-11,CR104,78890,53373,5557
2025-09-11,CR105,102198,36253,3644
2025-09-11,CR106,101352,60156,5935
2025-09-11,CR107,117015,39615,9476
2025-09-11,CR108,97313,45477,20187
2025-09-11,CR109,82107,59138,3545
2025-09-11,CR110,61820,47669,9685
2025-09-11,CR111,96542,29735,17898
2025-09-11,CR112,99596,52273,14861
2025-09-11,CR113,80098,41799,2643
2025-09-11,CR114,46203,56664,19315
2025-09-11,CR115,78561,52364,9855
2025-09-11,CR116,69565,62143,8605
2025-09-11,CR117,55965,39560,18634
2025-09-11,CR118,70757,52237,10658
2025-09-11,CR119,86626,27285,9479
2025-09-11,CR120,79945,56474,13255
2025-09-11,CR121,64859,35821,17786
2025-09-11,CR122,48649,24028,6608
2025-09-11,CR123,96794,24154,2573
2025-09-11,CR124,58250,60895,6779
2025-09-12,CR101,80451,35878,12145
2025-09-12,CR102,66562,41311,12275
2025-09-12,CR103,88276,33569,16023
2025-09-12,CR104,79347,53934,5572
2025-09-12,CR105,102708,36752,3656
2025-09-12,CR106,101835,60684,5952
2025-09-12,CR107,117520,40142,9489
2025-09-12,CR108,97894,46032,20203
2025-09-12,CR109,82686,59725,3560
2025-09-12,CR110,62361,48186,9701
2025-09-12,CR111,97016,30202,17913
2025-09-12,CR112,100149,52746,14876
2025-09-12,CR113,80610,42262,2661
2025-09-12,CR114,46705,57235,19329
2025-09-12,CR115,79111,52865,9867
2025-09-12,CR116,70129,62741,8618
2025-09-12,CR117,56493,40144,18647
2025-09-12,CR118,71350,52689,10671
2025-09-12,CR119,87204,27803,9491
2025-09-12,CR120,80413,57049,13271
2025-09-12,CR121,65366,36308,17801
2025-09-12,CR122,49223,24486,6625
2025-09-12,CR123,97343,24706,2589
2025-09-12,CR124,58821,61347,6796
2025-09-13,CR101,80939,36402,12159
2025-09-13,CR102,67116,41788,12289
2025-09-13,CR103,88738,34086,16036
2025-09-13,CR104,79875,54530,5586
2025-09-13,CR105,103195,37253,3673
2025-09-13,CR106,102306,61142,5966
2025-09-13,CR107,117984,40611,9507
2025-09-13,CR108,98359,46608,20219
2025-09-13,CR109,83150,60210,3577
2025-09-13,CR110,62844,48652,9716
2025-09-13,CR111,97585,30793,17931
2025-09-13,CR112,100603,53337,14892
2025-09-13,CR113,81137,42834,2678
2025-09-13,CR114,47220,57757,19342
2025-09-13,CR115,79613,53328,9881
2025-09-13,CR116,70668,63309,8635
2025-09-13,CR117,57058,40665,18660
2025-09-13,CR118,71801,53186,10687
2025-09-13,CR119,87709,28374,9509
2025-09-13,CR120,80908,57588,13288
2025-09-13,CR121,65892,36829,17813
2025-09-13,CR122,49772,25008,6641
2025-09-13,CR123,97880,25206,2605
2025-09-13,CR124,59377,61897,6810
2025-09-14,CR101,81391,36951,12175
2025-09-14,CR102,67590,42279,12302
2025-09-14,CR103,89287,34609,16048
2025-09-14,CR104,80401,55016,5603
2025-09-14,CR105,103673,37768,3689
2025-09-14,CR106,102875,61650,5982
2025-09-14,CR107,118474,41089,9524
2025-09-14,CR108,98940,47088,20234
2025-09-14,CR109,83709,60720,3590
2025-09-14,CR110,63444,49241,9732
2025-09-14,CR111,98165,31293,17943
2025-09-14,CR112,101068,53877,14905
2025-09-14,CR113,81713,43358,2691
2025-09-14,CR114,47777,58246,19358
2025-09-14,CR115,80117,53826,9896
2025-09-14,CR116,71173,63775,8652
2025-09-14,CR117,57627,41264,18675
2025-09-14,CR118,72275,53709,10705
2025-09-14,CR119,88288,28916,9523
2025-09-14,CR120,81504,58173,13305
2025-09-14,CR121,66458,37306,17831
2025-09-14,CR122,50346,25570,6654
2025-09-14,CR123,98395,25724,2618
2025-09-14,CR124,59958,62466,6823
