Train_ID,Timestamp,Motor_Temperature_C,Motor_Current_A,Brake_Pressure_Bar,HVAC_Power_kW,Door_Cycles,Vibration_Level,Oil_Temperature_C,Battery_Voltage_V,Compressor_Status,GPS_Speed_kmh,Health_Score
CR101,2025-09-20 11:11:45,70.4,188.2,5.72,17.0,212,1.12,85.6,74.4,Maintenance_Alert,34,0.844
CR101,2025-09-20 10:11:45,84.7,213.8,5.87,20.6,285,1.21,76.6,76.9,Normal,35,0.929
CR101,2025-09-20 09:11:45,62.8,172.7,4.83,8.8,207,1.47,47.1,75.3,Maintenance_Alert,76,0.949
CR101,2025-09-20 08:11:45,52.7,157.1,5.74,19.7,240,1.01,82.0,72.8,Normal,70,0.809
CR101,2025-09-20 07:11:45,66.3,217.4,4.71,23.9,270,1.12,87.4,78.0,Maintenance_Alert,33,0.786
CR101,2025-09-20 06:11:45,64.3,165.9,5.99,21.0,274,1.96,71.6,73.1,Normal,38,0.93
CR101,2025-09-20 05:11:45,53.6,178.7,4.98,15.0,237,2.11,48.7,76.9,High_Load,58,0.758
CR101,2025-09-20 04:11:45,54.8,208.1,4.66,13.6,198,1.39,67.2,73.3,High_Load,47,0.879
CR101,2025-09-20 03:11:45,62.4,244.0,5.36,23.0,282,2.32,77.5,72.8,High_Load,15,0.968
CR101,2025-09-20 02:11:45,77.2,218.4,6.1,8.3,212,1.12,55.8,75.7,Maintenance_Alert,5,0.926
CR101,2025-09-20 01:11:45,45.1,178.3,6.09,13.2,260,1.58,83.1,74.9,Maintenance_Alert,71,0.813
CR101,2025-09-20 00:11:45,54.5,185.2,5.02,20.1,191,1.58,70.6,74.1,High_Load,10,0.965
CR101,2025-09-19 23:11:45,73.8,219.9,5.8,14.9,298,1.71,67.6,75.9,Normal,38,0.809
CR101,2025-09-19 22:11:45,63.5,252.0,6.07,15.7,251,1.03,64.1,73.9,Normal,21,0.939
CR101,2025-09-19 21:11:45,49.1,181.5,5.38,15.3,298,0.89,49.3,72.7,Maintenance_Alert,0,0.911
CR101,2025-09-19 20:11:45,59.5,209.1,5.16,16.9,193,2.01,78.1,76.9,Maintenance_Alert,67,0.92
CR101,2025-09-19 19:11:45,42.2,198.5,4.52,9.4,276,2.1,63.4,75.7,High_Load,58,0.804
CR101,2025-09-19 18:11:45,61.0,202.2,5.62,23.0,203,2.12,52.9,72.5,Maintenance_Alert,69,0.968
CR101,2025-09-19 17:11:45,52.9,203.1,5.72,10.7,240,2.21,65.0,77.8,Maintenance_Alert,1,0.941
CR101,2025-09-19 16:11:45,56.9,230.6,5.85,17.6,258,1.22,80.4,72.0,High_Load,36,0.909
CR101,2025-09-19 15:11:45,54.8,211.7,5.98,18.3,306,1.98,54.8,72.1,Normal,55,0.814
CR101,2025-09-19 14:11:45,54.4,156.0,4.79,21.2,246,1.89,80.5,77.3,Maintenance_Alert,69,0.905
CR101,2025-09-19 13:11:45,77.4,233.3,5.36,16.5,214,2.06,92.6,76.9,High_Load,20,0.955
CR101,2025-09-19 12:11:45,50.1,199.2,5.36,18.6,266,1.29,52.7,76.5,Normal,22,0.863
CR102,2025-09-20 11:11:45,60.0,184.0,5.11,16.0,304,2.13,48.9,75.6,Normal,41,0.869
CR102,2025-09-20 10:11:45,68.6,211.3,6.02,23.7,225,1.07,73.0,77.4,Normal,11,0.891
CR102,2025-09-20 09:11:45,71.1,194.9,5.73,17.8,205,1.36,66.1,75.3,High_Load,37,0.78
CR102,2025-09-20 08:11:45,52.2,201.4,5.5,22.5,201,1.08,92.2,76.0,Normal,37,0.772
CR102,2025-09-20 07:11:45,74.1,168.9,5.46,10.2,205,1.97,83.6,75.6,Normal,42,0.963
CR102,2025-09-20 06:11:45,53.2,249.1,4.96,12.7,194,1.11,87.2,75.4,Normal,23,0.973
CR102,2025-09-20 05:11:45,55.3,157.7,5.57,24.0,313,1.05,76.9,75.1,Maintenance_Alert,9,0.893
CR102,2025-09-20 04:11:45,55.9,147.1,5.02,13.8,274,1.6,81.1,77.5,Maintenance_Alert,61,0.895
CR102,2025-09-20 03:11:45,62.9,206.0,4.59,18.2,252,1.28,50.4,77.3,Maintenance_Alert,11,0.761
CR102,2025-09-20 02:11:45,69.2,205.6,4.53,14.5,218,2.38,73.0,75.9,Normal,28,0.855
CR102,2025-09-20 01:11:45,57.3,204.9,5.11,16.4,252,1.82,71.6,73.0,High_Load,62,0.979
CR102,2025-09-20 00:11:45,58.8,200.7,5.57,11.9,240,2.4,88.0,76.4,Normal,68,0.842
CR102,2025-09-19 23:11:45,78.7,180.8,4.73,8.9,250,1.39,78.1,75.0,Maintenance_Alert,11,0.962
CR102,2025-09-19 22:11:45,56.7,227.4,4.61,24.0,239,2.44,53.6,77.4,Maintenance_Alert,14,0.86
CR102,2025-09-19 21:11:45,61.1,135.4,4.83,18.3,201,2.0,85.0,75.0,Maintenance_Alert,23,0.856
CR102,2025-09-19 20:11:45,59.5,223.7,5.82,21.5,218,2.28,46.7,74.1,Normal,25,0.965
CR102,2025-09-19 19:11:45,39.0,176.0,5.25,17.5,245,2.44,45.3,72.7,Normal,49,0.756
CR102,2025-09-19 18:11:45,52.9,175.3,4.57,9.4,251,1.79,48.8,76.1,Normal,48,0.838
CR102,2025-09-19 17:11:45,60.4,189.5,5.22,11.8,258,2.07,84.9,73.9,Maintenance_Alert,71,0.941
CR102,2025-09-19 16:11:45,66.3,171.9,5.2,23.2,195,2.09,69.1,74.6,Maintenance_Alert,69,0.943
CR102,2025-09-19 15:11:45,38.7,175.2,5.87,14.0,210,2.16,69.1,73.7,Normal,61,0.789
CR102,2025-09-19 14:11:45,62.1,232.2,6.12,9.6,290,2.05,54.0,72.6,High_Load,25,0.919
CR102,2025-09-19 13:11:45,60.6,148.4,5.82,16.5,233,2.18,84.5,73.2,High_Load,21,0.795
CR102,2025-09-19 12:11:45,69.6,199.1,5.02,18.4,209,1.88,55.7,77.5,Normal,60,0.783
CR103,2025-09-20 11:11:45,50.0,229.6,5.56,13.8,300,1.83,55.3,73.8,High_Load,75,0.804
CR103,2025-09-20 10:11:45,46.2,152.0,4.54,24.5,233,1.51,81.4,76.9,High_Load,23,0.856
CR103,2025-09-20 09:11:45,53.2,150.7,5.83,20.1,239,1.2,41.4,72.6,Maintenance_Alert,5,0.86
CR103,2025-09-20 08:11:45,57.7,185.7,5.81,16.0,314,1.75,88.0,76.9,Normal,62,0.845
CR103,2025-09-20 07:11:45,54.6,208.2,5.01,10.9,232,2.01,67.0,77.6,High_Load,48,0.834
CR103,2025-09-20 06:11:45,81.8,229.3,5.16,24.5,201,1.52,63.4,77.0,Normal,48,0.928
CR103,2025-09-20 05:11:45,84.0,226.8,4.54,24.5,240,1.35,60.4,76.9,Normal,48,0.766
CR103,2025-09-20 04:11:45,54.0,202.2,5.7,10.8,272,1.84,66.9,76.2,Normal,57,0.827
CR103,2025-09-20 03:11:45,55.5,199.1,5.8,11.4,182,1.05,76.8,76.2,Normal,19,0.852
CR103,2025-09-20 02:11:45,52.9,161.1,5.35,14.6,218,1.82,66.2,77.3,Normal,21,0.781
CR103,2025-09-20 01:11:45,47.9,207.2,5.32,16.5,302,1.82,83.8,75.8,Maintenance_Alert,35,0.939
CR103,2025-09-20 00:11:45,60.2,215.0,5.76,15.7,221,2.16,64.4,76.1,High_Load,69,0.817
CR103,2025-09-19 23:11:45,54.0,173.2,4.61,10.0,246,1.21,81.4,73.5,Maintenance_Alert,26,0.917
CR103,2025-09-19 22:11:45,63.6,220.5,4.96,10.4,211,2.32,48.7,75.4,High_Load,62,0.889
CR103,2025-09-19 21:11:45,51.0,160.8,5.32,23.6,278,1.6,65.0,72.1,Normal,19,0.868
CR103,2025-09-19 20:11:45,54.2,206.8,5.01,18.7,224,1.91,93.7,76.9,Normal,7,0.776
CR103,2025-09-19 19:11:45,77.0,225.1,4.89,16.9,317,1.66,86.8,75.9,High_Load,51,0.802
CR103,2025-09-19 18:11:45,55.4,162.1,5.0,8.3,212,0.99,64.8,75.8,High_Load,11,0.974
CR103,2025-09-19 17:11:45,75.9,183.6,5.02,20.3,309,2.35,61.1,75.9,High_Load,35,0.785
CR103,2025-09-19 16:11:45,69.2,254.1,5.18,20.0,278,1.43,58.9,76.5,High_Load,60,0.973
CR103,2025-09-19 15:11:45,61.1,188.7,4.91,24.0,280,1.29,80.2,75.5,Maintenance_Alert,9,0.851
CR103,2025-09-19 14:11:45,55.7,208.4,5.32,10.6,267,1.62,73.5,76.6,Maintenance_Alert,69,0.933
CR103,2025-09-19 13:11:45,62.1,176.8,5.75,14.5,267,2.49,69.0,76.8,High_Load,64,0.957
CR103,2025-09-19 12:11:45,59.1,235.9,4.71,11.0,280,1.19,59.7,72.2,High_Load,51,0.85
CR104,2025-09-20 11:11:45,54.2,199.8,4.97,12.9,208,1.34,64.1,72.2,Maintenance_Alert,60,0.847
CR104,2025-09-20 10:11:45,65.5,179.2,4.59,21.0,267,1.6,76.0,74.2,Normal,56,0.931
CR104,2025-09-20 09:11:45,71.2,195.6,5.17,20.2,245,2.36,83.4,73.8,Maintenance_Alert,8,0.861
CR104,2025-09-20 08:11:45,51.9,173.4,4.98,21.4,229,1.52,88.0,74.2,Normal,66,0.801
CR104,2025-09-20 07:11:45,53.2,150.1,6.09,24.9,195,2.33,84.1,74.7,Maintenance_Alert,35,0.86
CR104,2025-09-20 06:11:45,57.9,164.7,4.8,12.0,314,2.42,76.4,76.6,Normal,13,0.944
CR104,2025-09-20 05:11:45,81.4,160.0,5.15,12.4,255,1.14,57.8,73.3,Normal,17,0.967
CR104,2025-09-20 04:11:45,67.5,213.8,6.06,15.8,188,2.4,71.2,77.2,Maintenance_Alert,77,0.885
CR104,2025-09-20 03:11:45,60.5,202.9,5.24,16.8,296,2.38,83.1,75.4,High_Load,38,0.887
CR104,2025-09-20 02:11:45,68.4,176.2,5.07,10.1,288,2.42,88.6,73.4,Maintenance_Alert,40,0.782
CR104,2025-09-20 01:11:45,46.2,212.8,5.62,20.9,235,2.33,67.5,73.6,Normal,29,0.916
CR104,2025-09-20 00:11:45,67.2,173.3,4.66,12.5,205,1.18,56.4,72.5,Maintenance_Alert,67,0.761
CR104,2025-09-19 23:11:45,75.4,219.7,5.22,25.0,221,1.13,58.6,76.2,Normal,80,0.945
CR104,2025-09-19 22:11:45,58.5,212.8,6.05,22.2,243,1.18,59.4,73.8,Normal,61,0.796
CR104,2025-09-19 21:11:45,58.8,201.8,5.63,10.3,183,1.91,62.0,74.5,Maintenance_Alert,77,0.826
CR104,2025-09-19 20:11:45,72.1,241.3,5.76,9.3,218,1.29,64.5,75.3,Normal,75,0.878
CR104,2025-09-19 19:11:45,58.5,213.1,4.82,10.5,301,1.54,67.8,74.7,Maintenance_Alert,45,0.853
CR104,2025-09-19 18:11:45,64.7,147.1,5.64,17.1,294,2.49,59.3,73.4,Maintenance_Alert,69,0.823
CR104,2025-09-19 17:11:45,74.6,229.7,5.71,12.2,259,1.65,70.3,73.3,High_Load,76,0.938
CR104,2025-09-19 16:11:45,66.2,197.1,4.92,18.4,255,1.87,80.0,75.8,Normal,17,0.876
CR104,2025-09-19 15:11:45,48.8,186.3,6.0,10.9,239,1.89,50.0,77.0,Normal,63,0.971
CR104,2025-09-19 14:11:45,64.1,207.3,5.58,17.1,211,2.43,53.6,76.5,Normal,57,0.762
CR104,2025-09-19 13:11:45,54.7,228.9,5.65,20.5,210,1.37,72.8,73.0,Maintenance_Alert,65,0.755
CR104,2025-09-19 12:11:45,65.9,219.2,6.02,15.4,282,1.78,46.5,75.7,Maintenance_Alert,27,0.865
CR105,2025-09-20 11:11:45,44.4,207.7,5.33,19.3,270,2.16,80.6,77.3,High_Load,30,0.844
CR105,2025-09-20 10:11:45,62.6,247.2,4.76,19.8,206,2.11,57.4,73.0,High_Load,44,0.906
CR105,2025-09-20 09:11:45,62.4,234.9,5.29,21.2,191,1.12,82.7,72.5,Maintenance_Alert,24,0.799
CR105,2025-09-20 08:11:45,65.4,181.7,5.87,10.0,181,1.83,71.3,75.7,Maintenance_Alert,42,0.754
CR105,2025-09-20 07:11:45,64.5,221.1,6.02,12.1,240,1.88,70.5,73.1,Maintenance_Alert,44,0.759
CR105,2025-09-20 06:11:45,65.8,207.0,5.46,12.6,251,1.36,71.6,76.5,Maintenance_Alert,45,0.812
CR105,2025-09-20 05:11:45,41.3,200.0,6.18,11.7,314,1.51,57.0,73.1,High_Load,41,0.92
CR105,2025-09-20 04:11:45,46.7,146.9,5.55,15.6,293,1.4,54.1,72.3,High_Load,27,0.752
CR105,2025-09-20 03:11:45,72.1,205.2,5.26,18.2,195,2.1,79.8,72.5,Maintenance_Alert,77,0.827
CR105,2025-09-20 02:11:45,60.5,209.2,5.62,16.9,283,1.9,93.0,77.3,Normal,75,0.87
CR105,2025-09-20 01:11:45,54.5,198.8,4.53,24.4,205,2.45,65.4,76.1,Normal,2,0.908
CR105,2025-09-20 00:11:45,49.6,168.0,5.02,10.8,214,1.31,56.3,76.5,High_Load,13,0.855
CR105,2025-09-19 23:11:45,66.3,240.5,5.47,17.5,267,2.35,87.3,75.9,High_Load,25,0.915
CR105,2025-09-19 22:11:45,53.1,182.3,4.53,13.4,272,2.22,66.2,76.6,Maintenance_Alert,69,0.778
CR105,2025-09-19 21:11:45,68.6,163.4,4.71,9.3,251,2.06,82.6,76.4,High_Load,18,0.887
CR105,2025-09-19 20:11:45,56.6,186.2,4.52,15.1,224,2.17,64.2,72.8,Normal,57,0.765
CR105,2025-09-19 19:11:45,66.0,142.8,5.54,19.1,203,0.9,82.1,74.0,Normal,44,0.972
CR105,2025-09-19 18:11:45,48.2,206.3,5.89,20.9,264,0.81,61.7,72.3,Normal,3,0.783
CR105,2025-09-19 17:11:45,50.7,192.4,5.93,20.5,190,1.53,54.7,72.9,High_Load,25,0.921
CR105,2025-09-19 16:11:45,69.7,169.1,5.16,13.3,199,2.06,76.8,73.8,High_Load,23,0.89
CR105,2025-09-19 15:11:45,66.8,225.8,5.22,11.0,241,1.88,68.2,73.8,Maintenance_Alert,72,0.827
CR105,2025-09-19 14:11:45,48.2,202.5,5.29,17.6,181,2.5,62.1,76.1,High_Load,30,0.765
CR105,2025-09-19 13:11:45,57.9,180.6,5.15,16.7,224,1.37,56.4,74.8,Normal,23,0.944
CR105,2025-09-19 12:11:45,60.6,159.9,4.9,17.2,279,1.94,47.5,75.6,Normal,38,0.864
CR106,2025-09-20 11:11:45,59.2,191.4,5.31,10.0,240,2.25,65.1,75.0,Maintenance_Alert,7,0.76
CR106,2025-09-20 10:11:45,52.1,209.8,4.72,13.5,216,1.41,86.1,76.1,Maintenance_Alert,8,0.803
CR106,2025-09-20 09:11:45,46.1,154.9,5.08,13.4,215,1.59,56.2,74.5,Maintenance_Alert,44,0.929
CR106,2025-09-20 08:11:45,52.3,214.5,5.07,9.6,269,1.97,46.0,73.1,High_Load,25,0.824
CR106,2025-09-20 07:11:45,44.7,243.2,4.7,24.4,203,1.32,87.3,73.2,High_Load,57,0.891
CR106,2025-09-20 06:11:45,51.1,200.0,4.8,11.6,230,2.35,47.8,73.3,High_Load,41,0.777
CR106,2025-09-20 05:11:45,43.9,211.0,4.56,23.6,226,1.16,69.9,73.2,Maintenance_Alert,19,0.89
CR106,2025-09-20 04:11:45,64.6,227.1,5.1,22.4,189,1.59,61.1,75.6,Normal,80,0.901
CR106,2025-09-20 03:11:45,37.6,193.6,5.15,8.6,202,2.41,45.3,72.2,Normal,24,0.902
CR106,2025-09-20 02:11:45,64.4,152.6,4.56,24.1,227,1.76,61.9,75.2,Normal,24,0.794
CR106,2025-09-20 01:11:45,61.8,219.9,4.88,19.1,262,1.33,54.1,74.1,High_Load,46,0.832
CR106,2025-09-20 00:11:45,51.8,244.1,4.73,22.4,301,2.42,73.9,73.2,High_Load,75,0.825
CR106,2025-09-19 23:11:45,50.8,177.4,4.79,10.9,216,2.22,56.0,72.8,High_Load,14,0.766
CR106,2025-09-19 22:11:45,59.9,177.8,5.93,11.0,231,1.5,70.5,76.5,Maintenance_Alert,21,0.899
CR106,2025-09-19 21:11:45,69.3,150.3,4.9,13.2,201,0.93,85.1,72.6,High_Load,16,0.823
CR106,2025-09-19 20:11:45,80.4,147.2,4.76,10.8,213,1.18,67.2,75.6,Maintenance_Alert,53,0.928
CR106,2025-09-19 19:11:45,62.8,219.3,5.44,15.3,213,1.21,82.7,72.7,Maintenance_Alert,6,0.759
CR106,2025-09-19 18:11:45,47.3,176.2,6.17,11.4,314,1.05,84.5,76.6,Maintenance_Alert,30,0.942
CR106,2025-09-19 17:11:45,62.2,190.3,4.74,22.2,182,2.07,69.5,74.3,Normal,18,0.781
CR106,2025-09-19 16:11:45,55.6,136.8,6.0,10.4,195,1.2,73.9,76.2,High_Load,14,0.878
CR106,2025-09-19 15:11:45,51.5,228.8,5.9,23.3,219,0.81,90.4,75.3,High_Load,52,0.827
CR106,2025-09-19 14:11:45,45.4,203.2,4.97,20.5,310,2.04,86.2,73.2,High_Load,29,0.896
CR106,2025-09-19 13:11:45,56.9,182.8,4.58,16.4,191,1.31,68.3,72.4,Normal,29,0.796
CR106,2025-09-19 12:11:45,70.9,174.6,4.85,14.6,298,1.4,69.7,76.6,Maintenance_Alert,67,0.893
CR107,2025-09-20 11:11:45,81.2,199.8,5.06,17.8,222,2.19,86.2,72.2,Maintenance_Alert,19,0.973
CR107,2025-09-20 10:11:45,63.9,149.1,4.98,11.9,267,1.68,75.3,73.3,Normal,74,0.974
CR107,2025-09-20 09:11:45,59.4,174.7,5.81,18.2,214,0.86,54.5,74.1,Maintenance_Alert,53,0.953
CR107,2025-09-20 08:11:45,64.8,203.7,5.99,17.1,285,1.54,71.6,75.9,Maintenance_Alert,74,0.897
CR107,2025-09-20 07:11:45,51.6,227.2,5.9,15.1,282,1.79,70.9,77.9,High_Load,42,0.952
CR107,2025-09-20 06:11:45,65.1,225.8,6.16,14.6,231,1.35,70.3,75.7,Normal,15,0.917
CR107,2025-09-20 05:11:45,49.3,240.5,5.67,9.9,237,1.26,84.6,73.5,Normal,10,0.781
CR107,2025-09-20 04:11:45,62.0,151.2,4.74,8.1,203,1.46,79.9,74.4,Normal,7,0.89
CR107,2025-09-20 03:11:45,60.9,196.6,4.7,23.6,198,1.19,65.9,74.8,Maintenance_Alert,35,0.849
CR107,2025-09-20 02:11:45,56.1,162.0,5.69,24.2,230,1.01,47.8,75.0,Maintenance_Alert,44,0.811
CR107,2025-09-20 01:11:45,50.3,195.3,5.14,15.6,276,1.95,60.3,72.3,High_Load,69,0.925
CR107,2025-09-20 00:11:45,66.9,182.5,5.86,16.8,305,1.96,53.2,73.0,High_Load,1,0.927
CR107,2025-09-19 23:11:45,71.0,216.5,4.95,20.5,204,2.28,91.8,74.5,High_Load,15,0.974
CR107,2025-09-19 22:11:45,51.9,196.6,4.52,8.7,257,1.98,86.4,73.5,High_Load,47,0.884
CR107,2025-09-19 21:11:45,66.6,229.8,4.79,17.3,257,2.5,67.8,76.3,Normal,19,0.956
CR107,2025-09-19 20:11:45,62.9,202.2,5.25,19.2,195,1.96,79.1,73.1,Normal,46,0.808
CR107,2025-09-19 19:11:45,66.8,219.9,5.9,9.6,194,1.72,81.1,77.4,Normal,44,0.865
CR107,2025-09-19 18:11:45,49.5,229.4,5.81,10.3,312,2.31,53.4,72.5,Normal,12,0.786
CR107,2025-09-19 17:11:45,45.5,181.4,6.04,18.4,189,1.67,56.2,72.6,Maintenance_Alert,14,0.888
CR107,2025-09-19 16:11:45,58.1,182.5,5.79,14.8,267,1.68,85.1,76.6,Normal,20,0.845
CR107,2025-09-19 15:11:45,39.9,143.2,4.61,22.5,219,1.31,46.0,77.6,High_Load,40,0.824
CR107,2025-09-19 14:11:45,52.1,238.1,5.35,13.4,183,1.21,57.0,74.1,High_Load,9,0.948
CR107,2025-09-19 13:11:45,53.6,233.5,4.58,14.3,203,1.13,53.0,75.8,Maintenance_Alert,20,0.814
CR107,2025-09-19 12:11:45,72.9,203.3,5.83,20.4,248,2.04,82.9,73.7,Maintenance_Alert,12,0.867
CR108,2025-09-20 11:11:45,80.2,177.0,5.52,15.1,251,2.21,96.2,73.0,Maintenance_Alert,61,0.977
CR108,2025-09-20 10:11:45,61.4,204.1,5.06,11.8,207,1.26,74.1,75.5,Maintenance_Alert,65,0.77
CR108,2025-09-20 09:11:45,69.6,250.6,5.11,23.9,252,2.07,77.4,72.8,High_Load,49,0.89
CR108,2025-09-20 08:11:45,63.4,205.2,4.57,8.8,195,1.97,65.5,75.6,High_Load,21,0.856
CR108,2025-09-20 07:11:45,38.5,153.9,6.17,17.5,308,1.36,64.5,72.9,Normal,22,0.776
CR108,2025-09-20 06:11:45,48.0,163.9,6.12,20.1,278,0.87,66.3,74.4,Normal,78,0.903
CR108,2025-09-20 05:11:45,59.3,194.5,4.66,10.7,295,1.09,81.4,72.2,Normal,80,0.868
CR108,2025-09-20 04:11:45,67.0,216.5,6.08,8.0,243,2.23,84.2,78.0,Maintenance_Alert,7,0.845
CR108,2025-09-20 03:11:45,60.5,169.7,4.64,8.6,290,2.08,91.1,77.2,Maintenance_Alert,19,0.922
CR108,2025-09-20 02:11:45,59.7,174.7,5.22,22.6,269,1.91,91.0,72.9,High_Load,65,0.968
CR108,2025-09-20 01:11:45,76.7,199.7,6.07,10.0,187,2.14,97.7,74.6,Maintenance_Alert,69,0.857
CR108,2025-09-20 00:11:45,56.4,183.1,5.52,13.9,284,0.9,78.5,76.7,Normal,18,0.865
CR108,2025-09-19 23:11:45,55.4,233.9,5.08,21.5,278,1.14,72.1,74.6,Normal,26,0.75
CR108,2025-09-19 22:11:45,47.8,198.4,5.6,9.4,284,1.89,41.6,72.2,High_Load,0,0.771
CR108,2025-09-19 21:11:45,51.5,209.2,5.98,12.5,198,1.38,78.3,73.0,Normal,10,0.954
CR108,2025-09-19 20:11:45,45.3,214.5,6.01,24.4,267,1.53,68.4,76.7,Normal,17,0.934
CR108,2025-09-19 19:11:45,62.6,204.1,4.8,13.5,234,1.97,65.5,75.3,Normal,39,0.828
CR108,2025-09-19 18:11:45,53.6,195.4,5.11,15.0,305,1.36,67.5,75.2,High_Load,35,0.861
CR108,2025-09-19 17:11:45,70.1,186.2,5.51,24.9,274,2.36,72.7,74.7,Maintenance_Alert,43,0.764
CR108,2025-09-19 16:11:45,79.6,221.4,6.13,23.3,181,1.99,80.4,76.4,High_Load,75,0.784
CR108,2025-09-19 15:11:45,57.0,173.8,5.46,23.9,242,2.29,77.2,72.6,Normal,62,0.755
CR108,2025-09-19 14:11:45,77.0,208.5,4.64,17.7,187,1.12,60.8,75.4,Maintenance_Alert,80,0.951
CR108,2025-09-19 13:11:45,56.0,219.5,5.09,20.0,194,1.74,66.5,76.7,Normal,1,0.97
CR108,2025-09-19 12:11:45,63.2,161.1,5.08,10.0,225,1.76,54.6,75.2,High_Load,14,0.864
CR109,2025-09-20 11:11:45,74.7,156.4,5.82,16.1,254,2.43,76.1,72.5,Maintenance_Alert,6,0.776
CR109,2025-09-20 10:11:45,57.0,207.9,5.75,20.2,214,2.15,97.1,77.2,Maintenance_Alert,54,0.926
CR109,2025-09-20 09:11:45,45.0,206.9,5.43,22.5,291,2.5,55.8,77.6,High_Load,44,0.972
CR109,2025-09-20 08:11:45,79.7,208.8,6.15,18.7,298,2.41,79.8,77.8,High_Load,66,0.936
CR109,2025-09-20 07:11:45,54.4,234.3,5.65,9.0,237,2.13,95.8,72.4,High_Load,53,0.941
CR109,2025-09-20 06:11:45,44.9,141.3,5.86,23.6,224,1.76,78.4,76.0,Maintenance_Alert,18,0.82
CR109,2025-09-20 05:11:45,41.1,213.4,5.79,18.4,256,2.05,49.6,74.7,High_Load,21,0.874
CR109,2025-09-20 04:11:45,54.1,196.1,4.54,22.0,251,2.4,83.8,75.8,Maintenance_Alert,55,0.839
CR109,2025-09-20 03:11:45,60.5,185.7,4.61,9.7,278,2.18,94.7,73.1,Normal,32,0.926
CR109,2025-09-20 02:11:45,63.3,213.4,4.64,9.0,195,0.9,61.0,73.5,Normal,30,0.77
CR109,2025-09-20 01:11:45,67.1,178.3,5.6,22.1,295,2.14,64.0,77.7,Normal,3,0.836
CR109,2025-09-20 00:11:45,52.9,196.2,5.69,21.5,296,1.34,66.7,73.4,High_Load,35,0.756
CR109,2025-09-19 23:11:45,64.3,170.8,5.32,20.6,256,1.33,80.6,72.9,High_Load,29,0.976
CR109,2025-09-19 22:11:45,58.8,180.9,4.71,18.8,242,1.08,67.8,72.0,Normal,47,0.757
CR109,2025-09-19 21:11:45,61.3,201.5,5.94,21.0,289,0.86,48.6,73.8,Normal,43,0.956
CR109,2025-09-19 20:11:45,43.6,179.6,5.47,13.8,291,1.74,80.3,72.6,Normal,34,0.756
CR109,2025-09-19 19:11:45,71.3,206.6,5.01,24.4,226,0.82,76.4,77.9,Normal,36,0.977
CR109,2025-09-19 18:11:45,58.8,225.3,5.62,13.0,286,2.46,70.9,74.3,High_Load,48,0.839
CR109,2025-09-19 17:11:45,54.9,190.3,4.72,18.4,311,1.55,60.8,73.3,High_Load,65,0.753
CR109,2025-09-19 16:11:45,82.6,184.1,4.87,11.4,186,2.22,90.7,72.7,High_Load,20,0.783
CR109,2025-09-19 15:11:45,57.4,213.6,5.88,11.5,249,0.84,86.6,76.4,High_Load,36,0.799
CR109,2025-09-19 14:11:45,65.2,232.2,6.11,24.2,263,1.9,85.2,77.8,High_Load,51,0.872
CR109,2025-09-19 13:11:45,65.5,194.5,6.05,19.3,223,1.01,48.0,77.6,Normal,45,0.836
CR109,2025-09-19 12:11:45,58.3,196.9,4.62,13.5,202,2.16,58.8,75.5,Normal,53,0.787
CR110,2025-09-20 11:11:45,48.0,247.6,6.12,12.4,213,1.88,66.4,73.6,High_Load,33,0.943
CR110,2025-09-20 10:11:45,55.3,193.4,4.75,13.2,320,2.15,56.4,76.6,High_Load,8,0.948
CR110,2025-09-20 09:11:45,64.0,177.3,6.03,16.2,278,1.43,60.1,72.1,Normal,77,0.866
CR110,2025-09-20 08:11:45,48.1,179.0,5.69,14.3,190,1.88,56.1,75.9,Normal,18,0.907
CR110,2025-09-20 07:11:45,57.2,250.6,5.04,15.8,204,2.02,70.2,74.3,Maintenance_Alert,59,0.787
CR110,2025-09-20 06:11:45,58.2,203.8,6.12,14.5,300,1.37,84.5,76.6,Maintenance_Alert,37,0.885
CR110,2025-09-20 05:11:45,75.5,185.3,6.2,13.3,260,2.33,82.7,72.0,Normal,15,0.76
CR110,2025-09-20 04:11:45,44.5,191.5,5.61,13.9,206,1.95,77.2,77.4,High_Load,43,0.917
CR110,2025-09-20 03:11:45,58.6,200.7,5.44,12.0,195,0.99,72.9,74.9,Normal,42,0.889
CR110,2025-09-20 02:11:45,63.9,153.3,5.54,8.4,247,0.83,88.9,76.7,High_Load,38,0.786
CR110,2025-09-20 01:11:45,65.0,195.1,5.51,20.6,216,1.19,68.0,77.0,Maintenance_Alert,51,0.832
CR110,2025-09-20 00:11:45,58.8,222.0,5.48,15.0,185,1.28,92.2,72.8,Maintenance_Alert,4,0.906
CR110,2025-09-19 23:11:45,68.1,204.2,5.24,20.1,310,1.97,75.2,73.3,High_Load,24,0.961
CR110,2025-09-19 22:11:45,40.7,210.5,6.11,14.4,252,1.46,48.0,76.7,Maintenance_Alert,2,0.79
CR110,2025-09-19 21:11:45,58.0,205.0,4.84,14.7,285,1.24,54.0,78.0,High_Load,14,0.972
CR110,2025-09-19 20:11:45,54.1,169.8,4.63,24.1,287,1.61,70.5,77.9,Normal,22,0.774
CR110,2025-09-19 19:11:45,62.5,149.5,5.08,20.1,276,1.77,60.9,72.3,High_Load,21,0.867
CR110,2025-09-19 18:11:45,48.1,208.8,5.25,15.4,314,1.18,62.5,74.3,Normal,31,0.907
CR110,2025-09-19 17:11:45,56.6,220.5,5.61,12.0,227,1.76,47.1,77.7,Normal,50,0.828
CR110,2025-09-19 16:11:45,64.8,187.9,6.06,9.4,214,1.73,87.5,76.3,High_Load,9,0.783
CR110,2025-09-19 15:11:45,71.3,165.9,5.72,18.6,249,1.72,63.8,74.4,High_Load,33,0.832
CR110,2025-09-19 14:11:45,61.1,181.1,6.13,22.4,192,2.1,88.9,75.4,Normal,51,0.828
CR110,2025-09-19 13:11:45,50.6,207.8,5.01,20.1,190,2.31,46.3,76.5,Maintenance_Alert,62,0.973
CR110,2025-09-19 12:11:45,65.3,170.8,5.83,12.6,229,1.37,57.5,77.9,Normal,23,0.922
CR111,2025-09-20 11:11:45,49.8,209.8,5.89,22.6,262,2.07,56.4,75.4,High_Load,42,0.875
CR111,2025-09-20 10:11:45,78.6,227.8,4.94,17.8,204,1.53,67.4,77.5,Maintenance_Alert,4,0.794
CR111,2025-09-20 09:11:45,50.3,216.6,5.67,14.6,234,1.72,68.2,76.3,High_Load,5,0.846
CR111,2025-09-20 08:11:45,66.2,214.4,4.85,8.6,215,2.28,54.8,73.4,Normal,44,0.967
CR111,2025-09-20 07:11:45,68.6,183.8,5.55,24.8,191,0.96,46.1,74.2,High_Load,27,0.936
CR111,2025-09-20 06:11:45,67.1,175.2,5.65,18.6,239,1.75,89.1,74.7,Maintenance_Alert,61,0.769
CR111,2025-09-20 05:11:45,62.4,180.0,5.47,23.8,184,0.83,60.8,74.5,Maintenance_Alert,64,0.751
CR111,2025-09-20 04:11:45,52.4,187.8,6.01,24.2,217,1.16,46.1,76.0,Normal,45,0.762
CR111,2025-09-20 03:11:45,66.2,185.1,4.51,10.5,264,1.62,58.7,72.9,Normal,8,0.758
CR111,2025-09-20 02:11:45,61.3,176.3,5.72,23.8,315,2.01,61.6,72.8,Maintenance_Alert,40,0.952
CR111,2025-09-20 01:11:45,53.3,189.1,5.43,16.7,314,2.37,57.3,76.3,Normal,69,0.784
CR111,2025-09-20 00:11:45,74.9,239.6,4.8,9.3,277,1.44,87.5,77.7,Normal,43,0.788
CR111,2025-09-19 23:11:45,54.6,182.8,5.08,8.7,289,1.21,51.4,72.0,Normal,43,0.753
CR111,2025-09-19 22:11:45,66.0,182.1,6.2,9.7,199,2.06,51.2,72.8,High_Load,63,0.845
CR111,2025-09-19 21:11:45,68.2,183.3,6.13,23.0,295,1.1,63.8,73.2,Normal,48,0.882
CR111,2025-09-19 20:11:45,70.2,175.0,5.99,19.8,303,2.04,59.7,77.7,High_Load,26,0.813
CR111,2025-09-19 19:11:45,67.6,205.0,5.4,9.5,192,2.17,58.5,75.7,Maintenance_Alert,67,0.768
CR111,2025-09-19 18:11:45,77.6,205.2,4.97,20.1,221,0.87,87.7,73.7,Normal,25,0.77
CR111,2025-09-19 17:11:45,55.5,185.8,5.34,16.1,317,1.91,77.5,72.8,Maintenance_Alert,52,0.879
CR111,2025-09-19 16:11:45,71.8,194.6,5.45,17.8,305,1.66,73.9,74.4,Maintenance_Alert,48,0.77
CR111,2025-09-19 15:11:45,58.2,177.0,5.62,17.1,184,2.13,65.3,75.8,Maintenance_Alert,23,0.786
CR111,2025-09-19 14:11:45,47.9,151.3,4.68,8.2,314,1.85,43.8,74.6,Maintenance_Alert,53,0.885
CR111,2025-09-19 13:11:45,63.7,218.9,4.96,11.9,284,1.61,48.3,74.7,Normal,7,0.801
CR111,2025-09-19 12:11:45,60.0,171.2,5.23,17.4,306,2.01,79.4,73.8,Maintenance_Alert,70,0.967
CR112,2025-09-20 11:11:45,64.9,182.0,5.71,24.9,211,1.27,47.8,75.3,Maintenance_Alert,62,0.953
CR112,2025-09-20 10:11:45,67.7,192.8,4.83,11.9,260,1.78,92.3,75.2,Maintenance_Alert,70,0.768
CR112,2025-09-20 09:11:45,51.2,146.1,5.81,10.7,187,1.95,60.3,77.6,High_Load,15,0.81
CR112,2025-09-20 08:11:45,54.6,193.9,4.89,16.2,265,2.31,83.3,75.4,Normal,40,0.911
CR112,2025-09-20 07:11:45,61.5,187.2,6.13,13.0,279,0.94,54.2,72.1,Maintenance_Alert,49,0.868
CR112,2025-09-20 06:11:45,57.3,144.8,5.18,24.5,267,2.33,65.5,77.8,Maintenance_Alert,54,0.907
CR112,2025-09-20 05:11:45,55.1,206.7,5.42,20.6,283,2.12,89.2,76.6,High_Load,14,0.905
CR112,2025-09-20 04:11:45,80.6,215.5,4.85,13.7,250,2.05,67.6,72.7,Maintenance_Alert,45,0.881
CR112,2025-09-20 03:11:45,51.2,234.3,4.6,19.5,289,1.87,50.8,77.1,High_Load,26,0.785
CR112,2025-09-20 02:11:45,43.1,229.8,6.18,15.5,224,0.99,71.4,76.8,Maintenance_Alert,31,0.903
CR112,2025-09-20 01:11:45,53.8,233.8,5.64,24.4,215,2.31,52.3,77.1,Maintenance_Alert,15,0.871
CR112,2025-09-20 00:11:45,66.4,175.4,5.71,23.7,221,0.82,76.9,78.0,Maintenance_Alert,61,0.86
CR112,2025-09-19 23:11:45,54.3,221.6,5.35,19.7,210,1.52,79.7,73.1,Maintenance_Alert,50,0.935
CR112,2025-09-19 22:11:45,51.0,174.6,4.65,9.2,314,1.67,53.9,77.0,Normal,57,0.818
CR112,2025-09-19 21:11:45,65.4,197.8,4.98,13.5,282,1.06,58.5,74.8,High_Load,14,0.94
CR112,2025-09-19 20:11:45,45.1,168.6,5.03,14.0,273,1.63,82.0,72.4,High_Load,55,0.918
CR112,2025-09-19 19:11:45,48.8,201.8,5.61,24.9,255,1.75,69.2,75.2,Maintenance_Alert,31,0.889
CR112,2025-09-19 18:11:45,47.4,197.1,4.7,24.0,293,1.5,79.4,77.8,Maintenance_Alert,72,0.889
CR112,2025-09-19 17:11:45,60.0,205.4,5.13,20.7,229,1.33,64.9,75.6,High_Load,35,0.888
CR112,2025-09-19 16:11:45,62.2,204.6,6.17,8.9,199,0.83,68.6,75.6,Normal,48,0.83
CR112,2025-09-19 15:11:45,62.5,218.9,4.88,9.2,307,1.64,67.0,76.8,Normal,65,0.868
CR112,2025-09-19 14:11:45,65.4,200.1,4.78,23.8,282,1.49,75.9,75.9,High_Load,27,0.866
CR112,2025-09-19 13:11:45,60.6,208.3,5.82,21.0,263,1.14,50.2,73.2,Normal,19,0.946
CR112,2025-09-19 12:11:45,70.3,192.1,5.57,14.3,248,0.85,71.9,74.9,High_Load,6,0.966
CR113,2025-09-20 11:11:45,52.9,225.7,4.74,13.2,287,1.29,45.9,73.6,High_Load,27,0.755
CR113,2025-09-20 10:11:45,53.9,198.4,5.67,11.2,314,1.11,58.3,72.1,Maintenance_Alert,41,0.792
CR113,2025-09-20 09:11:45,61.3,177.0,5.48,10.1,247,2.25,45.0,75.4,Maintenance_Alert,41,0.931
CR113,2025-09-20 08:11:45,60.1,212.8,6.1,10.7,195,1.36,60.2,76.9,Maintenance_Alert,19,0.932
CR113,2025-09-20 07:11:45,48.0,183.7,5.49,8.0,181,1.65,50.8,75.2,Normal,24,0.949
CR113,2025-09-20 06:11:45,51.9,190.4,5.03,24.3,257,0.94,81.3,75.8,Maintenance_Alert,16,0.799
CR113,2025-09-20 05:11:45,72.1,161.1,5.22,16.9,248,1.81,90.5,75.4,High_Load,23,0.891
CR113,2025-09-20 04:11:45,43.1,185.6,4.53,12.9,248,1.88,76.7,77.0,High_Load,41,0.808
CR113,2025-09-20 03:11:45,65.2,159.5,5.43,19.3,267,2.29,60.3,74.8,Normal,1,0.887
CR113,2025-09-20 02:11:45,55.2,230.9,5.36,11.9,238,1.31,78.3,75.8,High_Load,14,0.965
CR113,2025-09-20 01:11:45,44.6,155.3,5.57,9.7,273,1.04,53.3,75.7,High_Load,12,0.979
CR113,2025-09-20 00:11:45,54.3,189.8,5.67,21.5,257,1.4,70.1,73.8,Maintenance_Alert,79,0.857
CR113,2025-09-19 23:11:45,77.7,184.5,5.05,22.0,185,2.28,65.4,74.6,Normal,2,0.936
CR113,2025-09-19 22:11:45,41.6,243.7,5.72,15.9,314,2.36,65.7,77.8,Normal,64,0.933
CR113,2025-09-19 21:11:45,54.0,171.6,5.87,21.6,313,1.46,53.4,72.3,High_Load,51,0.916
CR113,2025-09-19 20:11:45,56.2,217.4,5.39,15.3,256,0.87,67.9,76.0,High_Load,71,0.901
CR113,2025-09-19 19:11:45,43.9,190.2,5.5,10.1,184,2.42,67.9,72.1,Maintenance_Alert,5,0.953
CR113,2025-09-19 18:11:45,63.8,205.3,4.55,17.6,240,2.3,72.0,72.8,Normal,55,0.97
CR113,2025-09-19 17:11:45,64.3,148.4,5.87,23.9,216,2.14,71.7,73.1,High_Load,53,0.874
CR113,2025-09-19 16:11:45,55.2,201.7,4.97,15.7,305,1.64,60.3,75.0,Maintenance_Alert,64,0.842
CR113,2025-09-19 15:11:45,60.6,231.6,5.01,10.5,226,2.14,78.9,73.3,Maintenance_Alert,38,0.797
CR113,2025-09-19 14:11:45,66.2,168.7,5.95,10.0,286,1.28,62.6,74.3,Maintenance_Alert,16,0.969
CR113,2025-09-19 13:11:45,80.1,205.0,5.2,21.4,263,1.87,94.6,72.9,Normal,63,0.753
CR113,2025-09-19 12:11:45,48.2,239.9,5.85,16.1,236,2.3,87.5,76.2,High_Load,2,0.865
CR114,2025-09-20 11:11:45,42.2,206.8,4.96,9.1,223,1.86,50.3,75.7,Maintenance_Alert,39,0.923
CR114,2025-09-20 10:11:45,58.6,194.2,4.83,20.1,275,1.07,88.4,73.1,Maintenance_Alert,47,0.912
CR114,2025-09-20 09:11:45,76.9,208.5,5.01,24.6,212,1.46,68.7,74.1,Maintenance_Alert,70,0.969
CR114,2025-09-20 08:11:45,67.1,148.7,6.0,12.7,249,1.15,75.3,76.8,Maintenance_Alert,70,0.777
CR114,2025-09-20 07:11:45,60.5,179.7,4.6,24.0,244,1.62,65.3,72.8,High_Load,19,0.968
CR114,2025-09-20 06:11:45,59.3,232.8,5.58,24.7,265,1.73,64.1,74.8,Normal,12,0.772
CR114,2025-09-20 05:11:45,50.2,249.3,4.88,13.6,277,0.93,60.8,75.5,Normal,14,0.979
CR114,2025-09-20 04:11:45,57.9,197.3,6.14,14.4,264,1.34,49.6,74.8,Maintenance_Alert,55,0.814
CR114,2025-09-20 03:11:45,74.6,216.8,4.88,18.0,284,1.24,54.3,74.1,Maintenance_Alert,80,0.928
CR114,2025-09-20 02:11:45,44.9,243.5,4.7,9.3,230,1.68,55.1,75.4,Maintenance_Alert,66,0.957
CR114,2025-09-20 01:11:45,84.6,163.9,5.61,17.1,316,0.99,65.6,73.6,High_Load,49,0.968
CR114,2025-09-20 00:11:45,47.4,165.3,6.13,19.6,191,1.87,59.8,77.8,High_Load,15,0.851
CR114,2025-09-19 23:11:45,42.7,184.3,4.71,9.8,240,2.14,75.2,74.5,Maintenance_Alert,5,0.792
CR114,2025-09-19 22:11:45,72.2,226.6,5.83,22.7,270,1.09,55.3,76.7,Normal,23,0.972
CR114,2025-09-19 21:11:45,68.4,150.9,4.99,17.4,261,2.09,74.9,73.5,High_Load,31,0.963
CR114,2025-09-19 20:11:45,51.7,236.5,5.53,13.1,233,1.87,60.3,76.3,High_Load,45,0.757
CR114,2025-09-19 19:11:45,66.7,162.6,4.74,15.3,307,2.32,56.0,72.4,Maintenance_Alert,5,0.79
CR114,2025-09-19 18:11:45,52.6,192.5,5.8,15.0,311,1.49,44.8,73.8,Maintenance_Alert,21,0.917
CR114,2025-09-19 17:11:45,51.4,171.9,6.17,12.2,198,1.74,93.7,76.3,Maintenance_Alert,75,0.771
CR114,2025-09-19 16:11:45,50.8,225.5,4.65,17.2,227,1.7,87.8,73.9,Normal,46,0.811
CR114,2025-09-19 15:11:45,46.9,197.5,5.16,11.9,283,1.58,69.2,72.2,Maintenance_Alert,58,0.792
CR114,2025-09-19 14:11:45,65.2,220.1,5.9,22.2,240,1.21,55.4,75.5,High_Load,24,0.976
CR114,2025-09-19 13:11:45,73.9,235.0,5.57,13.3,240,1.82,71.3,74.4,Normal,28,0.813
CR114,2025-09-19 12:11:45,62.5,148.7,6.0,16.9,258,1.36,86.2,72.9,Normal,62,0.946
CR115,2025-09-20 11:11:45,53.4,215.8,5.01,22.5,298,1.55,82.3,76.8,Normal,2,0.974
CR115,2025-09-20 10:11:45,61.0,188.5,5.4,10.4,271,1.4,73.4,77.9,Maintenance_Alert,63,0.97
CR115,2025-09-20 09:11:45,68.8,135.1,5.04,19.6,208,1.8,56.6,74.0,High_Load,74,0.756
CR115,2025-09-20 08:11:45,69.5,171.2,5.74,10.3,297,2.04,73.2,75.5,High_Load,39,0.98
CR115,2025-09-20 07:11:45,46.4,239.4,5.54,16.1,183,1.13,54.0,75.0,High_Load,48,0.938
CR115,2025-09-20 06:11:45,65.9,238.7,5.15,10.2,249,2.41,93.7,75.4,High_Load,3,0.829
CR115,2025-09-20 05:11:45,42.2,212.2,4.84,12.4,271,2.43,54.2,75.9,Maintenance_Alert,36,0.758
CR115,2025-09-20 04:11:45,49.3,165.3,5.71,12.6,213,2.39,76.8,74.1,Maintenance_Alert,39,0.845
CR115,2025-09-20 03:11:45,40.5,208.6,5.74,15.2,306,2.07,75.0,76.9,High_Load,76,0.806
CR115,2025-09-20 02:11:45,67.1,184.0,6.06,15.7,313,2.0,65.5,72.9,High_Load,28,0.811
CR115,2025-09-20 01:11:45,51.2,174.4,4.59,17.2,319,1.03,56.4,74.7,Maintenance_Alert,39,0.896
CR115,2025-09-20 00:11:45,54.7,202.8,5.32,15.3,307,2.13,60.5,73.4,Normal,29,0.858
CR115,2025-09-19 23:11:45,55.5,174.5,5.67,13.7,208,2.15,88.4,74.2,Normal,9,0.868
CR115,2025-09-19 22:11:45,57.0,214.6,5.44,23.1,306,1.71,59.9,76.5,Maintenance_Alert,31,0.92
CR115,2025-09-19 21:11:45,75.2,168.5,5.7,17.4,250,0.95,80.1,77.7,High_Load,62,0.952
CR115,2025-09-19 20:11:45,39.5,173.9,4.92,18.7,246,2.33,80.4,76.4,Normal,31,0.768
CR115,2025-09-19 19:11:45,43.7,171.3,5.96,14.9,233,1.71,81.4,75.2,High_Load,11,0.806
CR115,2025-09-19 18:11:45,59.9,204.3,5.41,9.9,268,1.15,87.9,77.0,Maintenance_Alert,75,0.975
CR115,2025-09-19 17:11:45,72.4,158.8,4.69,14.6,298,1.15,84.1,74.5,Normal,2,0.778
CR115,2025-09-19 16:11:45,58.4,171.2,5.37,15.8,285,2.45,91.0,74.4,High_Load,78,0.939
CR115,2025-09-19 15:11:45,52.5,232.9,5.33,13.5,296,1.3,62.0,73.8,Normal,31,0.903
CR115,2025-09-19 14:11:45,59.4,164.1,4.79,11.8,232,1.64,85.8,76.8,High_Load,64,0.805
CR115,2025-09-19 13:11:45,50.4,217.4,5.42,10.7,200,0.85,69.5,76.6,High_Load,35,0.814
CR115,2025-09-19 12:11:45,69.9,176.9,5.49,16.9,233,0.97,81.2,72.9,High_Load,1,0.888
CR116,2025-09-20 11:11:45,37.0,202.3,5.01,17.3,298,1.25,62.3,76.1,High_Load,32,0.764
CR116,2025-09-20 10:11:45,65.2,225.3,5.96,24.1,297,1.38,73.1,75.0,High_Load,75,0.91
CR116,2025-09-20 09:11:45,67.7,193.2,5.34,19.9,319,1.85,74.5,75.3,Maintenance_Alert,46,0.877
CR116,2025-09-20 08:11:45,53.5,227.1,4.61,11.5,235,2.33,52.5,75.8,Maintenance_Alert,37,0.788
CR116,2025-09-20 07:11:45,59.3,196.3,5.29,11.6,261,0.83,85.8,76.2,Maintenance_Alert,51,0.966
CR116,2025-09-20 06:11:45,56.0,196.6,4.74,10.9,313,1.88,85.0,74.6,High_Load,45,0.94
CR116,2025-09-20 05:11:45,56.3,207.7,4.59,14.8,276,1.03,56.9,74.4,Normal,26,0.824
CR116,2025-09-20 04:11:45,41.9,178.3,5.18,12.4,286,1.09,55.8,76.9,Normal,70,0.76
CR116,2025-09-20 03:11:45,57.2,145.7,5.1,24.7,214,1.37,88.7,73.0,Normal,69,0.788
CR116,2025-09-20 02:11:45,54.3,207.9,6.04,22.5,279,2.08,89.3,75.5,High_Load,13,0.806
CR116,2025-09-20 01:11:45,55.9,188.3,4.97,11.6,195,1.68,60.2,73.1,Normal,46,0.959
CR116,2025-09-20 00:11:45,61.9,185.3,4.95,20.9,246,1.83,85.7,75.4,High_Load,74,0.979
CR116,2025-09-19 23:11:45,81.3,218.0,5.58,16.5,203,2.0,57.9,72.5,High_Load,21,0.788
CR116,2025-09-19 22:11:45,70.1,235.4,6.04,21.2,220,2.41,69.7,77.5,High_Load,11,0.97
CR116,2025-09-19 21:11:45,64.5,183.9,5.14,11.0,188,1.16,75.3,77.2,Normal,47,0.882
CR116,2025-09-19 20:11:45,54.3,165.5,4.93,16.8,306,0.85,85.1,74.4,Normal,28,0.837
CR116,2025-09-19 19:11:45,61.2,211.3,4.72,16.9,313,1.56,89.7,72.9,Maintenance_Alert,52,0.785
CR116,2025-09-19 18:11:45,50.8,245.4,5.41,13.9,313,2.04,70.2,77.2,Maintenance_Alert,41,0.908
CR116,2025-09-19 17:11:45,66.1,226.0,5.28,9.1,254,2.25,86.7,72.2,High_Load,35,0.969
CR116,2025-09-19 16:11:45,56.9,207.5,6.01,12.1,250,2.36,64.1,73.4,Maintenance_Alert,73,0.884
CR116,2025-09-19 15:11:45,62.8,181.0,4.8,11.0,306,1.59,77.0,72.4,Maintenance_Alert,4,0.892
CR116,2025-09-19 14:11:45,75.4,180.0,5.47,19.5,206,0.96,85.5,74.5,Normal,65,0.868
CR116,2025-09-19 13:11:45,37.1,201.4,5.7,23.7,292,1.03,70.0,77.6,Normal,13,0.752
CR116,2025-09-19 12:11:45,76.2,215.7,5.77,23.3,285,1.82,74.2,75.4,High_Load,7,0.88
CR117,2025-09-20 11:11:45,73.5,191.0,6.13,10.5,288,1.27,87.7,76.7,Normal,15,0.917
CR117,2025-09-20 10:11:45,62.6,185.2,5.2,18.9,316,2.15,88.9,76.8,High_Load,15,0.911
CR117,2025-09-20 09:11:45,59.0,169.9,5.16,22.6,272,2.42,87.4,73.5,Maintenance_Alert,58,0.901
CR117,2025-09-20 08:11:45,66.7,172.6,5.48,24.0,212,2.17,76.2,73.7,High_Load,43,0.87
CR117,2025-09-20 07:11:45,67.1,201.0,5.01,8.4,305,1.98,76.0,72.9,Maintenance_Alert,18,0.825
CR117,2025-09-20 06:11:45,72.3,241.9,4.52,19.4,274,0.82,72.0,72.9,Normal,12,0.884
CR117,2025-09-20 05:11:45,53.9,192.2,5.89,14.1,290,0.94,59.2,75.9,Normal,45,0.75
CR117,2025-09-20 04:11:45,57.0,169.5,5.48,19.2,236,1.41,93.7,77.0,High_Load,62,0.836
CR117,2025-09-20 03:11:45,69.1,207.7,6.01,23.0,228,2.35,58.0,72.7,High_Load,7,0.893
CR117,2025-09-20 02:11:45,40.4,185.5,4.88,20.7,240,2.1,64.3,76.7,Normal,68,0.755
CR117,2025-09-20 01:11:45,58.0,217.9,5.59,20.5,217,1.6,44.2,74.5,Maintenance_Alert,45,0.858
CR117,2025-09-20 00:11:45,59.4,227.8,5.51,15.3,296,2.43,88.6,76.3,High_Load,7,0.905
CR117,2025-09-19 23:11:45,45.4,230.0,4.57,17.8,302,2.17,61.1,72.1,High_Load,8,0.889
CR117,2025-09-19 22:11:45,63.0,144.9,5.82,19.8,254,1.61,76.8,73.7,Normal,52,0.894
CR117,2025-09-19 21:11:45,43.9,223.4,5.2,15.6,211,2.0,57.6,72.5,High_Load,9,0.971
CR117,2025-09-19 20:11:45,51.7,206.9,5.31,9.6,214,2.17,70.1,77.0,Maintenance_Alert,18,0.908
CR117,2025-09-19 19:11:45,57.1,244.8,5.02,8.8,253,1.02,61.8,75.4,High_Load,73,0.782
CR117,2025-09-19 18:11:45,74.0,223.1,6.0,11.5,278,2.02,86.5,76.0,Normal,33,0.932
CR117,2025-09-19 17:11:45,54.0,176.7,4.59,23.5,280,2.49,66.2,75.7,Normal,34,0.953
CR117,2025-09-19 16:11:45,73.3,218.2,5.21,13.7,277,2.08,51.3,75.3,Normal,5,0.949
CR117,2025-09-19 15:11:45,64.2,154.2,4.63,8.3,246,2.47,81.3,75.3,Maintenance_Alert,69,0.923
CR117,2025-09-19 14:11:45,73.6,149.3,5.25,13.3,215,1.98,63.6,76.5,Normal,42,0.94
CR117,2025-09-19 13:11:45,59.8,144.8,4.51,16.7,238,1.24,76.7,75.7,High_Load,13,0.904
CR117,2025-09-19 12:11:45,79.7,201.2,5.12,8.2,196,0.84,61.6,75.3,Normal,45,0.784
CR118,2025-09-20 11:11:45,74.1,195.0,6.07,20.0,318,0.82,70.8,74.9,Maintenance_Alert,21,0.752
CR118,2025-09-20 10:11:45,44.8,178.1,4.63,9.3,304,1.16,55.3,72.1,Normal,34,0.926
CR118,2025-09-20 09:11:45,61.8,167.7,5.67,23.6,320,0.83,60.1,76.0,Normal,69,0.943
CR118,2025-09-20 08:11:45,61.3,181.6,5.14,13.3,312,1.56,78.9,77.2,Normal,16,0.967
CR118,2025-09-20 07:11:45,42.1,206.5,4.95,22.9,309,2.33,45.9,73.6,High_Load,47,0.797
CR118,2025-09-20 06:11:45,56.6,209.6,5.92,10.1,299,2.11,87.2,75.4,Maintenance_Alert,38,0.762
CR118,2025-09-20 05:11:45,51.8,203.9,4.75,16.0,275,1.12,60.5,73.5,Maintenance_Alert,53,0.975
CR118,2025-09-20 04:11:45,80.7,159.5,5.87,19.0,229,1.02,85.8,77.8,High_Load,17,0.957
CR118,2025-09-20 03:11:45,67.5,161.5,6.03,11.5,279,2.49,77.7,73.2,High_Load,24,0.779
CR118,2025-09-20 02:11:45,58.6,220.3,5.45,10.4,229,0.92,58.0,74.5,Maintenance_Alert,11,0.879
CR118,2025-09-20 01:11:45,50.4,194.0,5.76,17.5,228,2.18,78.6,74.5,High_Load,15,0.769
CR118,2025-09-20 00:11:45,58.8,157.6,5.83,21.0,208,2.1,65.6,76.1,High_Load,76,0.855
CR118,2025-09-19 23:11:45,80.5,191.4,5.45,13.0,241,1.18,85.6,74.7,Normal,54,0.847
CR118,2025-09-19 22:11:45,57.2,178.4,5.22,11.0,291,2.5,74.6,76.9,High_Load,53,0.954
CR118,2025-09-19 21:11:45,55.0,202.9,5.51,12.2,242,2.03,49.1,72.7,High_Load,26,0.843
CR118,2025-09-19 20:11:45,69.3,141.7,5.35,16.0,260,1.65,85.8,77.6,Normal,28,0.758
CR118,2025-09-19 19:11:45,39.9,190.3,5.89,23.9,234,1.2,70.7,75.0,Maintenance_Alert,45,0.795
CR118,2025-09-19 18:11:45,44.3,229.0,4.8,20.3,194,1.58,59.7,74.3,Maintenance_Alert,41,0.973
CR118,2025-09-19 17:11:45,72.0,159.7,5.5,14.9,267,1.43,60.9,77.1,Maintenance_Alert,64,0.973
CR118,2025-09-19 16:11:45,62.4,236.9,6.01,14.9,199,1.07,74.7,77.4,Normal,78,0.892
CR118,2025-09-19 15:11:45,58.6,183.0,6.02,16.7,205,1.34,90.7,76.9,Normal,37,0.793
CR118,2025-09-19 14:11:45,37.7,167.6,5.82,16.1,296,2.35,44.3,76.5,Maintenance_Alert,11,0.895
CR118,2025-09-19 13:11:45,58.4,205.2,6.18,18.2,203,2.37,83.0,72.2,Normal,58,0.872
CR118,2025-09-19 12:11:45,73.8,224.9,5.11,20.7,229,1.75,65.1,76.5,Maintenance_Alert,22,0.865
CR119,2025-09-20 11:11:45,49.6,156.8,5.84,10.0,299,0.84,85.9,73.9,High_Load,79,0.973
CR119,2025-09-20 10:11:45,74.4,209.2,4.73,15.0,297,1.0,71.0,74.4,Maintenance_Alert,63,0.955
CR119,2025-09-20 09:11:45,47.9,174.3,5.52,15.3,236,1.03,88.5,77.2,Maintenance_Alert,66,0.899
CR119,2025-09-20 08:11:45,68.4,215.7,5.89,11.7,180,0.82,68.1,72.1,High_Load,33,0.886
CR119,2025-09-20 07:11:45,54.0,189.9,4.92,20.3,315,0.89,70.0,77.5,High_Load,39,0.805
CR119,2025-09-20 06:11:45,72.3,204.3,4.69,11.2,239,1.65,53.7,73.1,Maintenance_Alert,54,0.776
CR119,2025-09-20 05:11:45,44.8,188.5,5.12,10.2,260,1.17,49.7,74.8,High_Load,34,0.959
CR119,2025-09-20 04:11:45,49.0,198.7,6.16,13.3,241,2.18,52.6,75.3,High_Load,64,0.826
CR119,2025-09-20 03:11:45,50.6,196.2,5.41,21.7,275,1.2,74.2,77.7,High_Load,6,0.777
CR119,2025-09-20 02:11:45,53.1,184.7,5.86,21.3,251,1.93,73.9,73.6,Normal,66,0.861
CR119,2025-09-20 01:11:45,67.4,154.2,4.57,16.7,247,1.01,64.7,76.3,High_Load,56,0.762
CR119,2025-09-20 00:11:45,65.1,191.1,5.34,22.5,244,2.07,67.5,76.6,High_Load,53,0.826
CR119,2025-09-19 23:11:45,70.6,203.4,4.67,24.2,248,2.02,73.6,76.6,Maintenance_Alert,70,0.956
CR119,2025-09-19 22:11:45,47.6,166.6,6.08,24.8,271,1.89,74.1,76.6,High_Load,19,0.817
CR119,2025-09-19 21:11:45,62.4,149.0,4.85,10.0,240,0.92,73.2,76.8,High_Load,45,0.949
CR119,2025-09-19 20:11:45,46.0,183.0,4.62,8.5,183,1.4,64.6,74.9,Normal,61,0.783
CR119,2025-09-19 19:11:45,58.2,201.9,4.92,24.6,232,1.44,49.8,73.4,High_Load,46,0.932
CR119,2025-09-19 18:11:45,46.9,219.2,5.3,11.2,185,1.47,49.9,78.0,Maintenance_Alert,41,0.756
CR119,2025-09-19 17:11:45,62.3,188.6,5.47,21.4,299,1.4,72.3,72.4,High_Load,68,0.866
CR119,2025-09-19 16:11:45,64.0,198.8,5.59,14.6,257,1.82,86.5,75.2,High_Load,20,0.838
CR119,2025-09-19 15:11:45,60.6,196.5,6.06,21.7,293,1.9,70.0,73.5,Maintenance_Alert,23,0.76
CR119,2025-09-19 14:11:45,46.3,204.4,4.62,21.1,271,2.24,59.3,78.0,High_Load,5,0.857
CR119,2025-09-19 13:11:45,41.5,160.0,4.56,20.4,256,2.12,64.1,73.5,Maintenance_Alert,73,0.823
CR119,2025-09-19 12:11:45,68.9,233.2,5.61,23.0,269,1.98,72.3,75.9,Maintenance_Alert,64,0.858
CR120,2025-09-20 11:11:45,53.5,166.5,5.27,21.6,259,1.58,45.5,73.4,Normal,61,0.936
CR120,2025-09-20 10:11:45,60.7,178.1,5.01,10.8,264,2.02,81.3,76.1,High_Load,38,0.874
CR120,2025-09-20 09:11:45,53.9,182.7,5.82,15.6,305,1.76,89.3,74.3,High_Load,43,0.862
CR120,2025-09-20 08:11:45,68.3,195.4,5.12,22.7,181,2.27,58.7,72.2,High_Load,38,0.858
CR120,2025-09-20 07:11:45,45.8,209.1,5.63,8.1,190,1.9,69.1,74.7,Normal,4,0.873
CR120,2025-09-20 06:11:45,82.2,241.3,5.94,10.3,239,1.68,64.4,73.5,Maintenance_Alert,26,0.766
CR120,2025-09-20 05:11:45,62.0,216.4,5.12,12.1,288,2.41,74.5,77.8,Normal,17,0.905
CR120,2025-09-20 04:11:45,56.7,136.7,6.02,11.5,253,1.21,56.8,75.5,Maintenance_Alert,13,0.892
CR120,2025-09-20 03:11:45,60.6,219.3,5.94,15.9,256,1.7,87.3,76.2,Normal,37,0.923
CR120,2025-09-20 02:11:45,51.6,206.5,4.79,23.8,320,1.53,82.1,76.3,Maintenance_Alert,18,0.976
CR120,2025-09-20 01:11:45,59.1,198.7,4.68,18.0,246,1.33,47.8,74.3,Normal,22,0.923
CR120,2025-09-20 00:11:45,67.3,145.5,4.56,20.3,200,0.83,54.6,73.3,High_Load,65,0.895
CR120,2025-09-19 23:11:45,65.5,160.2,5.14,20.7,210,1.01,75.7,76.1,High_Load,5,0.807
CR120,2025-09-19 22:11:45,55.2,199.0,5.91,23.4,305,2.06,83.3,74.8,Normal,62,0.949
CR120,2025-09-19 21:11:45,71.2,170.8,5.1,19.4,284,1.58,91.1,72.5,Maintenance_Alert,53,0.771
CR120,2025-09-19 20:11:45,54.8,190.6,5.29,17.4,316,1.95,80.3,73.3,High_Load,28,0.917
CR120,2025-09-19 19:11:45,50.0,211.2,5.25,22.7,282,1.6,49.4,72.0,Normal,3,0.98
CR120,2025-09-19 18:11:45,76.6,228.8,5.94,17.6,252,1.71,84.4,74.1,High_Load,61,0.801
CR120,2025-09-19 17:11:45,65.1,225.7,6.18,18.2,279,2.37,82.5,76.8,Maintenance_Alert,62,0.849
CR120,2025-09-19 16:11:45,62.6,231.0,5.45,20.6,208,1.3,74.2,72.8,Maintenance_Alert,77,0.847
CR120,2025-09-19 15:11:45,56.2,154.8,5.91,11.5,298,0.84,84.4,75.0,High_Load,49,0.776
CR120,2025-09-19 14:11:45,76.0,224.9,5.81,8.5,254,1.65,94.5,77.7,Normal,24,0.87
CR120,2025-09-19 13:11:45,48.0,190.0,5.62,16.4,259,0.84,63.5,73.4,Normal,66,0.815
CR120,2025-09-19 12:11:45,52.9,198.6,4.91,10.5,289,2.05,53.3,75.4,Normal,10,0.815
CR121,2025-09-20 11:11:45,63.1,200.5,6.09,14.2,283,0.85,81.1,76.9,Maintenance_Alert,42,0.876
CR121,2025-09-20 10:11:45,73.3,198.9,4.7,23.6,317,1.66,57.2,77.7,High_Load,66,0.945
CR121,2025-09-20 09:11:45,56.9,224.7,4.99,20.6,277,1.69,60.7,74.1,Maintenance_Alert,67,0.85
CR121,2025-09-20 08:11:45,60.4,209.5,4.71,19.9,308,1.45,77.0,77.8,High_Load,58,0.805
CR121,2025-09-20 07:11:45,62.2,221.1,5.91,19.3,255,1.33,82.3,77.3,Normal,18,0.976
CR121,2025-09-20 06:11:45,64.8,236.3,5.69,22.6,262,1.32,73.9,75.6,High_Load,21,0.787
CR121,2025-09-20 05:11:45,66.4,226.1,5.49,14.2,295,1.53,70.6,73.0,Maintenance_Alert,15,0.813
CR121,2025-09-20 04:11:45,72.7,200.0,5.25,16.7,248,1.96,78.1,75.8,High_Load,24,0.933
CR121,2025-09-20 03:11:45,59.2,184.3,5.38,11.4,293,2.43,86.2,75.5,Maintenance_Alert,11,0.787
CR121,2025-09-20 02:11:45,70.7,181.2,5.23,19.1,259,2.24,70.0,75.7,Maintenance_Alert,4,0.796
CR121,2025-09-20 01:11:45,43.4,167.0,4.74,8.4,254,1.82,52.1,77.8,High_Load,39,0.949
CR121,2025-09-20 00:11:45,57.4,173.7,4.57,12.4,219,2.16,95.7,77.9,Maintenance_Alert,12,0.91
CR121,2025-09-19 23:11:45,62.8,164.7,5.45,11.6,209,1.18,49.8,74.5,High_Load,76,0.81
CR121,2025-09-19 22:11:45,63.2,202.6,4.58,19.8,221,1.13,62.5,77.0,Maintenance_Alert,21,0.795
CR121,2025-09-19 21:11:45,65.3,181.6,5.77,14.1,317,2.22,73.4,73.4,Maintenance_Alert,4,0.768
CR121,2025-09-19 20:11:45,66.7,220.1,5.66,22.9,299,1.83,79.2,77.4,Maintenance_Alert,19,0.905
CR121,2025-09-19 19:11:45,44.7,175.9,4.64,24.8,225,1.43,65.4,77.4,Normal,4,0.908
CR121,2025-09-19 18:11:45,78.4,185.6,4.78,9.9,239,1.24,74.8,74.8,High_Load,51,0.969
CR121,2025-09-19 17:11:45,50.7,179.4,5.42,24.7,314,1.08,54.4,77.5,Normal,37,0.814
CR121,2025-09-19 16:11:45,55.4,162.0,4.91,8.0,318,1.95,57.0,73.3,High_Load,63,0.757
CR121,2025-09-19 15:11:45,59.6,178.3,4.8,19.2,239,1.31,72.7,74.8,Maintenance_Alert,16,0.97
CR121,2025-09-19 14:11:45,54.3,212.7,4.52,10.9,247,2.32,64.2,72.2,High_Load,7,0.844
CR121,2025-09-19 13:11:45,37.8,204.9,6.05,23.4,249,1.65,80.0,75.3,Normal,31,0.775
CR121,2025-09-19 12:11:45,70.4,165.5,5.4,18.8,205,2.13,63.2,75.3,High_Load,9,0.928
CR122,2025-09-20 11:11:45,78.0,220.5,6.1,11.6,258,2.43,65.0,74.3,Maintenance_Alert,11,0.769
CR122,2025-09-20 10:11:45,45.0,187.7,5.56,21.6,221,2.3,47.2,77.8,Maintenance_Alert,61,0.842
CR122,2025-09-20 09:11:45,56.1,244.9,4.94,22.6,219,1.1,84.5,77.1,High_Load,64,0.792
CR122,2025-09-20 08:11:45,46.4,199.5,5.55,11.0,284,0.94,61.1,72.0,High_Load,37,0.919
CR122,2025-09-20 07:11:45,60.5,183.3,5.7,21.0,236,1.79,91.9,77.7,Maintenance_Alert,63,0.876
CR122,2025-09-20 06:11:45,80.2,137.0,6.04,13.7,263,1.38,78.0,77.7,High_Load,28,0.957
CR122,2025-09-20 05:11:45,54.4,221.0,5.03,24.3,316,2.13,64.2,75.4,Normal,30,0.854
CR122,2025-09-20 04:11:45,49.0,210.3,4.86,24.3,229,1.64,68.9,75.5,Normal,31,0.842
CR122,2025-09-20 03:11:45,52.7,211.9,6.09,22.5,310,1.25,65.1,74.3,Normal,69,0.828
CR122,2025-09-20 02:11:45,64.8,195.9,5.05,15.8,312,1.06,53.9,77.5,High_Load,66,0.919
CR122,2025-09-20 01:11:45,70.9,190.7,5.95,18.5,252,1.26,81.0,76.3,Maintenance_Alert,26,0.804
CR122,2025-09-20 00:11:45,72.5,200.3,6.1,24.0,276,1.91,71.5,76.8,Maintenance_Alert,23,0.83
CR122,2025-09-19 23:11:45,55.5,248.0,5.32,11.8,209,0.89,49.2,76.7,High_Load,77,0.815
CR122,2025-09-19 22:11:45,49.9,177.1,5.97,12.7,304,1.04,72.3,75.4,Maintenance_Alert,45,0.809
CR122,2025-09-19 21:11:45,51.5,240.1,5.01,16.2,188,2.42,78.2,76.9,High_Load,14,0.786
CR122,2025-09-19 20:11:45,62.8,164.6,5.44,22.0,202,0.93,76.0,74.7,Normal,17,0.949
CR122,2025-09-19 19:11:45,69.9,171.4,4.56,18.6,250,1.13,87.1,72.9,High_Load,26,0.782
CR122,2025-09-19 18:11:45,54.6,138.9,6.1,15.4,300,1.03,63.2,73.4,Maintenance_Alert,15,0.936
CR122,2025-09-19 17:11:45,42.8,249.4,5.4,18.9,264,1.55,83.1,72.8,Normal,72,0.957
CR122,2025-09-19 16:11:45,55.9,216.3,5.16,15.3,206,1.94,78.8,75.3,High_Load,43,0.964
CR122,2025-09-19 15:11:45,69.1,161.2,5.89,22.8,308,1.16,61.5,72.4,High_Load,3,0.964
CR122,2025-09-19 14:11:45,46.6,173.8,4.64,14.1,182,2.02,77.9,76.5,Maintenance_Alert,47,0.932
CR122,2025-09-19 13:11:45,57.0,147.2,5.28,18.0,261,1.71,83.9,73.3,Normal,10,0.968
CR122,2025-09-19 12:11:45,51.2,229.3,5.93,21.7,290,1.46,72.9,73.9,High_Load,63,0.964
CR123,2025-09-20 11:11:45,68.7,233.2,4.71,9.0,218,0.81,82.6,72.8,High_Load,48,0.977
CR123,2025-09-20 10:11:45,59.7,238.2,5.51,22.7,298,2.26,77.2,77.7,Maintenance_Alert,80,0.942
CR123,2025-09-20 09:11:45,59.5,181.8,6.12,11.4,264,1.48,72.4,75.6,High_Load,79,0.906
CR123,2025-09-20 08:11:45,45.5,213.4,5.66,24.4,191,2.49,85.4,77.2,High_Load,40,0.875
CR123,2025-09-20 07:11:45,66.4,209.8,5.31,14.7,191,0.92,44.8,77.9,Normal,53,0.974
CR123,2025-09-20 06:11:45,52.9,229.6,6.08,16.9,282,1.9,55.2,76.5,High_Load,73,0.81
CR123,2025-09-20 05:11:45,58.8,219.9,5.86,18.8,214,1.66,72.9,73.8,High_Load,12,0.83
CR123,2025-09-20 04:11:45,78.9,214.5,5.53,24.9,275,2.45,84.8,74.0,High_Load,0,0.77
CR123,2025-09-20 03:11:45,55.9,199.1,5.78,20.9,197,0.93,61.4,73.0,Maintenance_Alert,52,0.839
CR123,2025-09-20 02:11:45,58.6,216.5,6.12,19.5,276,1.87,66.7,74.5,Maintenance_Alert,80,0.775
CR123,2025-09-20 01:11:45,59.5,195.2,5.56,11.2,274,2.28,73.2,75.5,High_Load,14,0.846
CR123,2025-09-20 00:11:45,55.3,180.2,5.74,16.1,308,1.81,91.3,77.4,Maintenance_Alert,67,0.927
CR123,2025-09-19 23:11:45,78.7,229.8,4.66,21.9,297,2.15,77.2,73.8,High_Load,50,0.923
CR123,2025-09-19 22:11:45,52.0,207.0,5.48,22.5,297,0.92,61.3,76.5,High_Load,74,0.776
CR123,2025-09-19 21:11:45,71.0,163.0,5.68,20.7,313,2.39,79.9,73.9,Normal,50,0.933
CR123,2025-09-19 20:11:45,61.3,216.1,4.97,9.3,191,2.46,66.2,76.6,High_Load,44,0.89
CR123,2025-09-19 19:11:45,63.3,178.1,5.39,12.7,320,1.71,56.5,77.0,Maintenance_Alert,15,0.879
CR123,2025-09-19 18:11:45,54.5,183.9,5.42,23.5,241,2.34,46.6,77.5,High_Load,3,0.765
CR123,2025-09-19 17:11:45,76.0,197.9,5.64,8.3,266,1.55,68.0,73.0,High_Load,42,0.87
CR123,2025-09-19 16:11:45,54.0,216.6,6.11,17.7,315,1.2,66.1,75.9,Maintenance_Alert,36,0.807
CR123,2025-09-19 15:11:45,59.4,211.4,5.43,15.8,220,2.44,73.1,72.7,High_Load,25,0.755
CR123,2025-09-19 14:11:45,62.6,209.4,4.73,22.1,258,0.85,43.7,73.7,High_Load,29,0.759
CR123,2025-09-19 13:11:45,42.1,207.6,5.29,24.1,291,2.09,63.0,75.8,High_Load,45,0.832
CR123,2025-09-19 12:11:45,74.2,199.1,6.02,8.7,315,1.04,63.0,76.4,High_Load,36,0.874
CR124,2025-09-20 11:11:45,48.5,176.8,5.61,9.3,224,2.43,70.2,77.7,Maintenance_Alert,28,0.915
CR124,2025-09-20 10:11:45,53.6,241.4,5.11,13.9,274,1.7,69.9,74.2,Maintenance_Alert,51,0.893
CR124,2025-09-20 09:11:45,35.7,203.4,5.43,21.2,272,1.76,72.5,77.0,Normal,66,0.952
CR124,2025-09-20 08:11:45,46.5,214.8,4.76,15.6,290,2.45,83.7,74.1,Maintenance_Alert,70,0.814
CR124,2025-09-20 07:11:45,52.5,189.3,5.51,11.2,272,1.06,49.8,74.4,High_Load,76,0.966
CR124,2025-09-20 06:11:45,67.7,179.2,4.77,16.9,311,0.98,87.0,76.7,Maintenance_Alert,36,0.8
CR124,2025-09-20 05:11:45,45.1,186.3,6.16,22.1,213,1.06,72.6,77.2,Maintenance_Alert,17,0.833
CR124,2025-09-20 04:11:45,54.4,172.7,6.15,24.3,232,1.31,61.4,74.8,Maintenance_Alert,35,0.881
CR124,2025-09-20 03:11:45,53.0,239.2,5.51,9.5,205,1.49,75.2,76.6,Normal,8,0.944
CR124,2025-09-20 02:11:45,62.2,200.7,4.99,11.5,231,2.22,69.9,74.3,Normal,28,0.971
CR124,2025-09-20 01:11:45,67.6,168.7,5.42,12.9,214,1.09,94.1,76.7,High_Load,34,0.764
CR124,2025-09-20 00:11:45,62.8,218.0,5.98,20.1,227,2.05,78.8,73.6,High_Load,69,0.949
CR124,2025-09-19 23:11:45,54.6,233.3,5.63,15.8,190,1.59,92.1,74.3,Normal,37,0.757
CR124,2025-09-19 22:11:45,62.2,172.2,6.07,15.2,206,1.37,67.8,75.1,Maintenance_Alert,55,0.82
CR124,2025-09-19 21:11:45,41.1,245.8,5.63,8.8,251,1.84,66.3,72.9,High_Load,68,0.893
CR124,2025-09-19 20:11:45,48.7,178.1,4.86,12.0,193,1.39,89.2,74.8,High_Load,54,0.848
CR124,2025-09-19 19:11:45,54.6,170.0,4.51,22.0,248,0.96,97.1,73.4,Maintenance_Alert,25,0.764
CR124,2025-09-19 18:11:45,53.6,232.1,4.62,24.2,188,1.11,54.4,74.4,Maintenance_Alert,20,0.908
CR124,2025-09-19 17:11:45,68.0,211.5,4.78,12.3,285,2.25,82.7,73.6,Normal,52,0.971
CR124,2025-09-19 16:11:45,65.0,196.1,4.71,15.1,202,1.88,59.1,74.2,Maintenance_Alert,37,0.905
CR124,2025-09-19 15:11:45,48.8,165.4,5.62,20.3,276,1.73,48.9,77.8,Normal,49,0.763
CR124,2025-09-19 14:11:45,70.8,159.9,5.31,20.6,266,1.8,52.5,72.6,Maintenance_Alert,78,0.976
CR124,2025-09-19 13:11:45,38.0,193.7,4.9,19.2,257,1.84,40.7,76.9,High_Load,68,0.903
CR124,2025-09-19 12:11:45,64.5,194.5,5.15,17.6,226,1.73,73.3,73.4,Normal,3,0.922
